policy,office_days,remote_days,replication,seed,flexibility,collaboration,functional_form,simulation_days,n_employees,initial_engagement,final_engagement,relative_improvement,k,gamma
P1,5,0,1,42,0.2,1.0,nonlinear,365,100,0.5,0.6889736378220522,37.794727564410444,1.0,0.3
P1,5,0,2,43,0.2,1.0,nonlinear,365,100,0.5,0.6918996779964706,38.379935599294114,1.0,0.3
P1,5,0,3,44,0.2,1.0,nonlinear,365,100,0.5,0.690888280930465,38.17765618609299,1.0,0.3
P1,5,0,4,45,0.2,1.0,nonlinear,365,100,0.5,0.6929665591702927,38.59331183405854,1.0,0.3
P1,5,0,5,46,0.2,1.0,nonlinear,365,100,0.5,0.6922323961266099,38.44647922532198,1.0,0.3
P1,5,0,6,47,0.2,1.0,nonlinear,365,100,0.5,0.6934548646434143,38.69097292868287,1.0,0.3
P1,5,0,7,48,0.2,1.0,nonlinear,365,100,0.5,0.6911629271725501,38.23258543451003,1.0,0.3
P1,5,0,8,49,0.2,1.0,nonlinear,365,100,0.5,0.6946972263915329,38.93944527830657,1.0,0.3
P1,5,0,9,50,0.2,1.0,nonlinear,365,100,0.5,0.6909463489827055,38.18926979654109,1.0,0.3
P1,5,0,10,51,0.2,1.0,nonlinear,365,100,0.5,0.6933530506492804,38.67061012985609,1.0,0.3
P1,5,0,11,52,0.2,1.0,nonlinear,365,100,0.5,0.6949488422122617,38.989768442452345,1.0,0.3
P1,5,0,12,53,0.2,1.0,nonlinear,365,100,0.5,0.6924405455783834,38.488109115676686,1.0,0.3
P1,5,0,13,54,0.2,1.0,nonlinear,365,100,0.5,0.6929623844201651,38.59247688403302,1.0,0.3
P1,5,0,14,55,0.2,1.0,nonlinear,365,100,0.5,0.6935448230618201,38.708964612364014,1.0,0.3
P1,5,0,15,56,0.2,1.0,nonlinear,365,100,0.5,0.6954939621083184,39.098792421663674,1.0,0.3
P1,5,0,16,57,0.2,1.0,nonlinear,365,100,0.5,0.68873847746397,37.747695492793994,1.0,0.3
P1,5,0,17,58,0.2,1.0,nonlinear,365,100,0.5,0.6968066914920398,39.36133829840796,1.0,0.3
P1,5,0,18,59,0.2,1.0,nonlinear,365,100,0.5,0.6910330418505457,38.20660837010914,1.0,0.3
P1,5,0,19,60,0.2,1.0,nonlinear,365,100,0.5,0.6918074701368152,38.361494027363044,1.0,0.3
P1,5,0,20,61,0.2,1.0,nonlinear,365,100,0.5,0.6872843475508059,37.456869510161184,1.0,0.3
P1,5,0,21,62,0.2,1.0,nonlinear,365,100,0.5,0.6941539121316267,38.83078242632534,1.0,0.3
P1,5,0,22,63,0.2,1.0,nonlinear,365,100,0.5,0.6878730583423711,37.57461166847422,1.0,0.3
P1,5,0,23,64,0.2,1.0,nonlinear,365,100,0.5,0.6909930052953448,38.19860105906896,1.0,0.3
P1,5,0,24,65,0.2,1.0,nonlinear,365,100,0.5,0.6975078016414115,39.501560328282295,1.0,0.3
P1,5,0,25,66,0.2,1.0,nonlinear,365,100,0.5,0.6894618657644402,37.89237315288805,1.0,0.3
P1,5,0,26,67,0.2,1.0,nonlinear,365,100,0.5,0.6947360282762371,38.94720565524743,1.0,0.3
P1,5,0,27,68,0.2,1.0,nonlinear,365,100,0.5,0.6990262022047495,39.80524044094991,1.0,0.3
P1,5,0,28,69,0.2,1.0,nonlinear,365,100,0.5,0.6987806855075079,39.75613710150159,1.0,0.3
P1,5,0,29,70,0.2,1.0,nonlinear,365,100,0.5,0.6915003835989488,38.300076719789764,1.0,0.3
P1,5,0,30,71,0.2,1.0,nonlinear,365,100,0.5,0.692112359702659,38.42247194053181,1.0,0.3
P2,4,1,1,42,0.42941098104190173,0.9481987582580971,nonlinear,365,100,0.5,0.7040483959360989,40.809679187219785,1.0,0.3
P2,4,1,2,43,0.42941098104190173,0.9481987582580971,nonlinear,365,100,0.5,0.7063168039716977,41.26336079433954,1.0,0.3
P2,4,1,3,44,0.42941098104190173,0.9481987582580971,nonlinear,365,100,0.5,0.7057118171130228,41.142363422604554,1.0,0.3
P2,4,1,4,45,0.42941098104190173,0.9481987582580971,nonlinear,365,100,0.5,0.7077134578430513,41.54269156861026,1.0,0.3
P2,4,1,5,46,0.42941098104190173,0.9481987582580971,nonlinear,365,100,0.5,0.7069471550332979,41.38943100665957,1.0,0.3
P2,4,1,6,47,0.42941098104190173,0.9481987582580971,nonlinear,365,100,0.5,0.7084025789767635,41.680515795352704,1.0,0.3
P2,4,1,7,48,0.42941098104190173,0.9481987582580971,nonlinear,365,100,0.5,0.7057202577456001,41.14405154912002,1.0,0.3
P2,4,1,8,49,0.42941098104190173,0.9481987582580971,nonlinear,365,100,0.5,0.708685554463002,41.73711089260039,1.0,0.3
P2,4,1,9,50,0.42941098104190173,0.9481987582580971,nonlinear,365,100,0.5,0.7048014555047651,40.96029110095303,1.0,0.3
P2,4,1,10,51,0.42941098104190173,0.9481987582580971,nonlinear,365,100,0.5,0.7085176224299459,41.70352448598918,1.0,0.3
P2,4,1,11,52,0.42941098104190173,0.9481987582580971,nonlinear,365,100,0.5,0.7096851771016381,41.93703542032763,1.0,0.3
P2,4,1,12,53,0.42941098104190173,0.9481987582580971,nonlinear,365,100,0.5,0.7075602922073008,41.512058441460155,1.0,0.3
P2,4,1,13,54,0.42941098104190173,0.9481987582580971,nonlinear,365,100,0.5,0.7077780271927931,41.55560543855863,1.0,0.3
P2,4,1,14,55,0.42941098104190173,0.9481987582580971,nonlinear,365,100,0.5,0.7082425545790747,41.64851091581494,1.0,0.3
P2,4,1,15,56,0.42941098104190173,0.9481987582580971,nonlinear,365,100,0.5,0.7096085383076998,41.921707661539955,1.0,0.3
P2,4,1,16,57,0.42941098104190173,0.9481987582580971,nonlinear,365,100,0.5,0.7038957934339517,40.77915868679034,1.0,0.3
P2,4,1,17,58,0.42941098104190173,0.9481987582580971,nonlinear,365,100,0.5,0.7105603086179252,42.112061723585036,1.0,0.3
P2,4,1,18,59,0.42941098104190173,0.9481987582580971,nonlinear,365,100,0.5,0.7062346889457282,41.24693778914563,1.0,0.3
P2,4,1,19,60,0.42941098104190173,0.9481987582580971,nonlinear,365,100,0.5,0.7062109648837314,41.242192976746274,1.0,0.3
P2,4,1,20,61,0.42941098104190173,0.9481987582580971,nonlinear,365,100,0.5,0.7023753266612567,40.47506533225133,1.0,0.3
P2,4,1,21,62,0.42941098104190173,0.9481987582580971,nonlinear,365,100,0.5,0.7100823670932748,42.016473418654954,1.0,0.3
P2,4,1,22,63,0.42941098104190173,0.9481987582580971,nonlinear,365,100,0.5,0.703138726150777,40.6277452301554,1.0,0.3
P2,4,1,23,64,0.42941098104190173,0.9481987582580971,nonlinear,365,100,0.5,0.7046890519625656,40.93781039251312,1.0,0.3
P2,4,1,24,65,0.42941098104190173,0.9481987582580971,nonlinear,365,100,0.5,0.7119216568618202,42.38433137236404,1.0,0.3
P2,4,1,25,66,0.42941098104190173,0.9481987582580971,nonlinear,365,100,0.5,0.7054057522567806,41.081150451356116,1.0,0.3
P2,4,1,26,67,0.42941098104190173,0.9481987582580971,nonlinear,365,100,0.5,0.7095723359837345,41.9144671967469,1.0,0.3
P2,4,1,27,68,0.42941098104190173,0.9481987582580971,nonlinear,365,100,0.5,0.7136503996061934,42.73007992123867,1.0,0.3
P2,4,1,28,69,0.42941098104190173,0.9481987582580971,nonlinear,365,100,0.5,0.7129819818006115,42.59639636012229,1.0,0.3
P2,4,1,29,70,0.42941098104190173,0.9481987582580971,nonlinear,365,100,0.5,0.7073191735243868,41.46383470487736,1.0,0.3
P2,4,1,30,71,0.42941098104190173,0.9481987582580971,nonlinear,365,100,0.5,0.7059425684876371,41.188513697527426,1.0,0.3
P3,3,2,1,42,0.6172368063146965,0.8863337603552759,nonlinear,365,100,0.5,0.7107828825202581,42.15657650405162,1.0,0.3
P3,3,2,2,43,0.6172368063146965,0.8863337603552759,nonlinear,365,100,0.5,0.7124385624020185,42.48771248040371,1.0,0.3
P3,3,2,3,44,0.6172368063146965,0.8863337603552759,nonlinear,365,100,0.5,0.7122816591481878,42.45633182963755,1.0,0.3
P3,3,2,4,45,0.6172368063146965,0.8863337603552759,nonlinear,365,100,0.5,0.7140861055915596,42.81722111831192,1.0,0.3
P3,3,2,5,46,0.6172368063146965,0.8863337603552759,nonlinear,365,100,0.5,0.713449752047861,42.6899504095722,1.0,0.3
P3,3,2,6,47,0.6172368063146965,0.8863337603552759,nonlinear,365,100,0.5,0.7149802246206041,42.99604492412081,1.0,0.3
P3,3,2,7,48,0.6172368063146965,0.8863337603552759,nonlinear,365,100,0.5,0.7120184212982281,42.40368425964562,1.0,0.3
P3,3,2,8,49,0.6172368063146965,0.8863337603552759,nonlinear,365,100,0.5,0.714547873111523,42.9095746223046,1.0,0.3
P3,3,2,9,50,0.6172368063146965,0.8863337603552759,nonlinear,365,100,0.5,0.7105563113897634,42.111262277952676,1.0,0.3
P3,3,2,10,51,0.6172368063146965,0.8863337603552759,nonlinear,365,100,0.5,0.715094065663349,43.0188131326698,1.0,0.3
P3,3,2,11,52,0.6172368063146965,0.8863337603552759,nonlinear,365,100,0.5,0.7160685498627103,43.213709972542055,1.0,0.3
P3,3,2,12,53,0.6172368063146965,0.8863337603552759,nonlinear,365,100,0.5,0.7143129600182518,42.86259200365037,1.0,0.3
P3,3,2,13,54,0.6172368063146965,0.8863337603552759,nonlinear,365,100,0.5,0.7142813857727157,42.85627715454314,1.0,0.3
P3,3,2,14,55,0.6172368063146965,0.8863337603552759,nonlinear,365,100,0.5,0.7145957295604388,42.919145912087764,1.0,0.3
P3,3,2,15,56,0.6172368063146965,0.8863337603552759,nonlinear,365,100,0.5,0.7155508808189505,43.11017616379009,1.0,0.3
P3,3,2,16,57,0.6172368063146965,0.8863337603552759,nonlinear,365,100,0.5,0.7107107767294929,42.14215534589858,1.0,0.3
P3,3,2,17,58,0.6172368063146965,0.8863337603552759,nonlinear,365,100,0.5,0.7161898178541382,43.23796357082763,1.0,0.3
P3,3,2,18,59,0.6172368063146965,0.8863337603552759,nonlinear,365,100,0.5,0.7130379991097933,42.60759982195865,1.0,0.3
P3,3,2,19,60,0.6172368063146965,0.8863337603552759,nonlinear,365,100,0.5,0.7124131618292016,42.48263236584031,1.0,0.3
P3,3,2,20,61,0.6172368063146965,0.8863337603552759,nonlinear,365,100,0.5,0.7091259486198247,41.82518972396494,1.0,0.3
P3,3,2,21,62,0.6172368063146965,0.8863337603552759,nonlinear,365,100,0.5,0.7175038857353381,43.500777147067616,1.0,0.3
P3,3,2,22,63,0.6172368063146965,0.8863337603552759,nonlinear,365,100,0.5,0.710042990253116,42.008598050623206,1.0,0.3
P3,3,2,23,64,0.6172368063146965,0.8863337603552759,nonlinear,365,100,0.5,0.7102808814870516,42.05617629741032,1.0,0.3
P3,3,2,24,65,0.6172368063146965,0.8863337603552759,nonlinear,365,100,0.5,0.71798285588982,43.59657117796401,1.0,0.3
P3,3,2,25,66,0.6172368063146965,0.8863337603552759,nonlinear,365,100,0.5,0.7127911840896436,42.558236817928716,1.0,0.3
P3,3,2,26,67,0.6172368063146965,0.8863337603552759,nonlinear,365,100,0.5,0.7160846888698598,43.21693777397195,1.0,0.3
P3,3,2,27,68,0.6172368063146965,0.8863337603552759,nonlinear,365,100,0.5,0.7199125817587723,43.982516351754455,1.0,0.3
P3,3,2,28,69,0.6172368063146965,0.8863337603552759,nonlinear,365,100,0.5,0.7189876063314113,43.79752126628227,1.0,0.3
P3,3,2,29,70,0.6172368063146965,0.8863337603552759,nonlinear,365,100,0.5,0.7146252096706122,42.92504193412243,1.0,0.3
P3,3,2,30,71,0.6172368063146965,0.8863337603552759,nonlinear,365,100,0.5,0.7116615202934253,42.33230405868507,1.0,0.3
P4,2,3,1,42,0.7710155856877852,0.8077262343458991,nonlinear,365,100,0.5,0.7094856921107511,41.89713842215021,1.0,0.3
P4,2,3,2,43,0.7710155856877852,0.8077262343458991,nonlinear,365,100,0.5,0.7104937644268872,42.098752885377436,1.0,0.3
P4,2,3,3,44,0.7710155856877852,0.8077262343458991,nonlinear,365,100,0.5,0.7108693633614024,42.173872672280474,1.0,0.3
P4,2,3,4,45,0.7710155856877852,0.8077262343458991,nonlinear,365,100,0.5,0.7123531753074734,42.47063506149469,1.0,0.3
P4,2,3,5,46,0.7710155856877852,0.8077262343458991,nonlinear,365,100,0.5,0.7120008872999427,42.40017745998854,1.0,0.3
P4,2,3,6,47,0.7710155856877852,0.8077262343458991,nonlinear,365,100,0.5,0.713481239274284,42.69624785485679,1.0,0.3
P4,2,3,7,48,0.7710155856877852,0.8077262343458991,nonlinear,365,100,0.5,0.7103023914436589,42.06047828873179,1.0,0.3
P4,2,3,8,49,0.7710155856877852,0.8077262343458991,nonlinear,365,100,0.5,0.7124723487784936,42.49446975569873,1.0,0.3
P4,2,3,9,50,0.7710155856877852,0.8077262343458991,nonlinear,365,100,0.5,0.708377378235041,41.6754756470082,1.0,0.3
P4,2,3,10,51,0.7710155856877852,0.8077262343458991,nonlinear,365,100,0.5,0.7134045497105713,42.68090994211426,1.0,0.3
P4,2,3,11,52,0.7710155856877852,0.8077262343458991,nonlinear,365,100,0.5,0.7143753873600402,42.87507747200805,1.0,0.3
P4,2,3,12,53,0.7710155856877852,0.8077262343458991,nonlinear,365,100,0.5,0.7129985638594946,42.599712771898915,1.0,0.3
P4,2,3,13,54,0.7710155856877852,0.8077262343458991,nonlinear,365,100,0.5,0.7127400744294646,42.548014885892925,1.0,0.3
P4,2,3,14,55,0.7710155856877852,0.8077262343458991,nonlinear,365,100,0.5,0.7128677141439896,42.573542828797926,1.0,0.3
P4,2,3,15,56,0.7710155856877852,0.8077262343458991,nonlinear,365,100,0.5,0.713520482646889,42.70409652937781,1.0,0.3
P4,2,3,16,57,0.7710155856877852,0.8077262343458991,nonlinear,365,100,0.5,0.7094879616848171,41.89759233696342,1.0,0.3
P4,2,3,17,58,0.7710155856877852,0.8077262343458991,nonlinear,365,100,0.5,0.7138580505944947,42.77161011889894,1.0,0.3
P4,2,3,18,59,0.7710155856877852,0.8077262343458991,nonlinear,365,100,0.5,0.7117636671011695,42.35273342023389,1.0,0.3
P4,2,3,19,60,0.7710155856877852,0.8077262343458991,nonlinear,365,100,0.5,0.7106442610328826,42.12885220657652,1.0,0.3
P4,2,3,20,61,0.7710155856877852,0.8077262343458991,nonlinear,365,100,0.5,0.7078302451162565,41.566049023251296,1.0,0.3
P4,2,3,21,62,0.7710155856877852,0.8077262343458991,nonlinear,365,100,0.5,0.7168296138063031,43.36592276126061,1.0,0.3
P4,2,3,22,63,0.7710155856877852,0.8077262343458991,nonlinear,365,100,0.5,0.7089032002158656,41.78064004317312,1.0,0.3
P4,2,3,23,64,0.7710155856877852,0.8077262343458991,nonlinear,365,100,0.5,0.7079135439945068,41.58270879890136,1.0,0.3
P4,2,3,24,65,0.7710155856877852,0.8077262343458991,nonlinear,365,100,0.5,0.7159223765918178,43.18447531836356,1.0,0.3
P4,2,3,25,66,0.7710155856877852,0.8077262343458991,nonlinear,365,100,0.5,0.7120155799424007,42.403115988480145,1.0,0.3
P4,2,3,26,67,0.7710155856877852,0.8077262343458991,nonlinear,365,100,0.5,0.7145625780063651,42.91251560127303,1.0,0.3
P4,2,3,27,68,0.7710155856877852,0.8077262343458991,nonlinear,365,100,0.5,0.718075542058588,43.61510841171761,1.0,0.3
P4,2,3,28,69,0.7710155856877852,0.8077262343458991,nonlinear,365,100,0.5,0.7170171661097365,43.40343322194731,1.0,0.3
P4,2,3,29,70,0.7710155856877852,0.8077262343458991,nonlinear,365,100,0.5,0.7138107591130767,42.76215182261534,1.0,0.3
P4,2,3,30,71,0.7710155856877852,0.8077262343458991,nonlinear,365,100,0.5,0.7094300087915093,41.88600175830186,1.0,0.3
P5,1,4,1,42,0.8969190015313269,0.6936270901760078,nonlinear,365,100,0.5,0.6971907292591633,39.43814585183265,1.0,0.3
P5,1,4,2,43,0.8969190015313269,0.6936270901760078,nonlinear,365,100,0.5,0.6973690202974725,39.4738040594945,1.0,0.3
P5,1,4,3,44,0.8969190015313269,0.6936270901760078,nonlinear,365,100,0.5,0.698484451988036,39.6968903976072,1.0,0.3
P5,1,4,4,45,0.8969190015313269,0.6936270901760078,nonlinear,365,100,0.5,0.6994410797319759,39.88821594639518,1.0,0.3
P5,1,4,5,46,0.8969190015313269,0.6936270901760078,nonlinear,365,100,0.5,0.6996094324144945,39.92188648289889,1.0,0.3
P5,1,4,6,47,0.8969190015313269,0.6936270901760078,nonlinear,365,100,0.5,0.7008877246297204,40.177544925944076,1.0,0.3
P5,1,4,7,48,0.8969190015313269,0.6936270901760078,nonlinear,365,100,0.5,0.6975170314696669,39.50340629393339,1.0,0.3
P5,1,4,8,49,0.8969190015313269,0.6936270901760078,nonlinear,365,100,0.5,0.6993482432521259,39.86964865042517,1.0,0.3
P5,1,4,9,50,0.8969190015313269,0.6936270901760078,nonlinear,365,100,0.5,0.6951265935577983,39.025318711559656,1.0,0.3
P5,1,4,10,51,0.8969190015313269,0.6936270901760078,nonlinear,365,100,0.5,0.7003622660373261,40.072453207465216,1.0,0.3
P5,1,4,11,52,0.8969190015313269,0.6936270901760078,nonlinear,365,100,0.5,0.7015545023062258,40.31090046124517,1.0,0.3
P5,1,4,12,53,0.8969190015313269,0.6936270901760078,nonlinear,365,100,0.5,0.7006282062977277,40.12564125954554,1.0,0.3
P5,1,4,13,54,0.8969190015313269,0.6936270901760078,nonlinear,365,100,0.5,0.7001235928178868,40.024718563577366,1.0,0.3
P5,1,4,14,55,0.8969190015313269,0.6936270901760078,nonlinear,365,100,0.5,0.6999917942702799,39.99835885405598,1.0,0.3
P5,1,4,15,56,0.8969190015313269,0.6936270901760078,nonlinear,365,100,0.5,0.7004091168020531,40.08182336041062,1.0,0.3
P5,1,4,16,57,0.8969190015313269,0.6936270901760078,nonlinear,365,100,0.5,0.697262515501743,39.4525031003486,1.0,0.3
P5,1,4,17,58,0.8969190015313269,0.6936270901760078,nonlinear,365,100,0.5,0.7003990756833319,40.07981513666638,1.0,0.3
P5,1,4,18,59,0.8969190015313269,0.6936270901760078,nonlinear,365,100,0.5,0.6994407442884168,39.88814885768337,1.0,0.3
P5,1,4,19,60,0.8969190015313269,0.6936270901760078,nonlinear,365,100,0.5,0.6978486905212878,39.56973810425757,1.0,0.3
P5,1,4,20,61,0.8969190015313269,0.6936270901760078,nonlinear,365,100,0.5,0.6955037417737723,39.10074835475446,1.0,0.3
P5,1,4,21,62,0.8969190015313269,0.6936270901760078,nonlinear,365,100,0.5,0.7052182036499146,41.043640729982926,1.0,0.3
P5,1,4,22,63,0.8969190015313269,0.6936270901760078,nonlinear,365,100,0.5,0.696772226231825,39.354445246365,1.0,0.3
P5,1,4,23,64,0.8969190015313269,0.6936270901760078,nonlinear,365,100,0.5,0.6944020996413512,38.88041992827025,1.0,0.3
P5,1,4,24,65,0.8969190015313269,0.6936270901760078,nonlinear,365,100,0.5,0.7025952133414416,40.51904266828832,1.0,0.3
P5,1,4,25,66,0.8969190015313269,0.6936270901760078,nonlinear,365,100,0.5,0.700189379410003,40.037875882000606,1.0,0.3
P5,1,4,26,67,0.8969190015313269,0.6936270901760078,nonlinear,365,100,0.5,0.7019991180495977,40.39982360991954,1.0,0.3
P5,1,4,27,68,0.8969190015313269,0.6936270901760078,nonlinear,365,100,0.5,0.7050540736739669,41.01081473479338,1.0,0.3
P5,1,4,28,69,0.8969190015313269,0.6936270901760078,nonlinear,365,100,0.5,0.7039832371486303,40.796647429726065,1.0,0.3
P5,1,4,29,70,0.8969190015313269,0.6936270901760078,nonlinear,365,100,0.5,0.701995167481278,40.3990334962556,1.0,0.3
P5,1,4,30,71,0.8969190015313269,0.6936270901760078,nonlinear,365,100,0.5,0.6960942739696573,39.218854793931456,1.0,0.3
P6,0,5,1,42,1.0,0.2,nonlinear,365,100,0.5,0.5957045212929356,19.14090425858712,1.0,0.3
P6,0,5,2,43,1.0,0.2,nonlinear,365,100,0.5,0.5924308138221568,18.486162764431356,1.0,0.3
P6,0,5,3,44,1.0,0.2,nonlinear,365,100,0.5,0.5968537374156803,19.370747483136054,1.0,0.3
P6,0,5,4,45,1.0,0.2,nonlinear,365,100,0.5,0.5951141298285436,19.022825965708723,1.0,0.3
P6,0,5,5,46,1.0,0.2,nonlinear,365,100,0.5,0.5981457970907732,19.62915941815464,1.0,0.3
P6,0,5,6,47,1.0,0.2,nonlinear,365,100,0.5,0.5979499396386273,19.58998792772546,1.0,0.3
P6,0,5,7,48,1.0,0.2,nonlinear,365,100,0.5,0.5942296090252669,18.84592180505338,1.0,0.3
P6,0,5,8,49,1.0,0.2,nonlinear,365,100,0.5,0.5952260932654375,19.045218653087503,1.0,0.3
P6,0,5,9,50,1.0,0.2,nonlinear,365,100,0.5,0.5905075235331467,18.101504706629346,1.0,0.3
P6,0,5,10,51,1.0,0.2,nonlinear,365,100,0.5,0.5946437702764664,18.928754055293282,1.0,0.3
P6,0,5,11,52,1.0,0.2,nonlinear,365,100,0.5,0.5978192883420581,19.56385766841162,1.0,0.3
P6,0,5,12,53,1.0,0.2,nonlinear,365,100,0.5,0.598530880564615,19.706176112923004,1.0,0.3
P6,0,5,13,54,1.0,0.2,nonlinear,365,100,0.5,0.5972414749159376,19.44829498318752,1.0,0.3
P6,0,5,14,55,1.0,0.2,nonlinear,365,100,0.5,0.5959716665758584,19.194333315171686,1.0,0.3
P6,0,5,15,56,1.0,0.2,nonlinear,365,100,0.5,0.5961706526001519,19.23413052003038,1.0,0.3
P6,0,5,16,57,1.0,0.2,nonlinear,365,100,0.5,0.5958937993253143,19.178759865062855,1.0,0.3
P6,0,5,17,58,1.0,0.2,nonlinear,365,100,0.5,0.5949037444349365,18.980748886987307,1.0,0.3
P6,0,5,18,59,1.0,0.2,nonlinear,365,100,0.5,0.5975658266133947,19.51316532267895,1.0,0.3
P6,0,5,19,60,1.0,0.2,nonlinear,365,100,0.5,0.5948107950445887,18.962159008917734,1.0,0.3
P6,0,5,20,61,1.0,0.2,nonlinear,365,100,0.5,0.5936661588094244,18.733231761884884,1.0,0.3
P6,0,5,21,62,1.0,0.2,nonlinear,365,100,0.5,0.6059921686920655,21.1984337384131,1.0,0.3
P6,0,5,22,63,1.0,0.2,nonlinear,365,100,0.5,0.595752861778804,19.150572355760808,1.0,0.3
P6,0,5,23,64,1.0,0.2,nonlinear,365,100,0.5,0.5886165189018957,17.72330378037914,1.0,0.3
P6,0,5,24,65,1.0,0.2,nonlinear,365,100,0.5,0.5965704209800831,19.314084196016612,1.0,0.3
P6,0,5,25,66,1.0,0.2,nonlinear,365,100,0.5,0.5996425936736045,19.928518734720903,1.0,0.3
P6,0,5,26,67,1.0,0.2,nonlinear,365,100,0.5,0.5994922338239032,19.89844676478063,1.0,0.3
P6,0,5,27,68,1.0,0.2,nonlinear,365,100,0.5,0.6004239148496318,20.08478296992635,1.0,0.3
P6,0,5,28,69,1.0,0.2,nonlinear,365,100,0.5,0.6000482412452885,20.00964824905771,1.0,0.3
P6,0,5,29,70,1.0,0.2,nonlinear,365,100,0.5,0.6018213304389458,20.36426608778916,1.0,0.3
P6,0,5,30,71,1.0,0.2,nonlinear,365,100,0.5,0.5910560001869407,18.211200037388142,1.0,0.3
P1,5,0,1,42,0.2,1.0,nonlinear,365,100,0.5,0.6889736378220522,37.794727564410444,1.0,0.5
P1,5,0,2,43,0.2,1.0,nonlinear,365,100,0.5,0.6918996779964706,38.379935599294114,1.0,0.5
P1,5,0,3,44,0.2,1.0,nonlinear,365,100,0.5,0.690888280930465,38.17765618609299,1.0,0.5
P1,5,0,4,45,0.2,1.0,nonlinear,365,100,0.5,0.6929665591702927,38.59331183405854,1.0,0.5
P1,5,0,5,46,0.2,1.0,nonlinear,365,100,0.5,0.6922323961266099,38.44647922532198,1.0,0.5
P1,5,0,6,47,0.2,1.0,nonlinear,365,100,0.5,0.6934548646434143,38.69097292868287,1.0,0.5
P1,5,0,7,48,0.2,1.0,nonlinear,365,100,0.5,0.6911629271725501,38.23258543451003,1.0,0.5
P1,5,0,8,49,0.2,1.0,nonlinear,365,100,0.5,0.6946972263915329,38.93944527830657,1.0,0.5
P1,5,0,9,50,0.2,1.0,nonlinear,365,100,0.5,0.6909463489827055,38.18926979654109,1.0,0.5
P1,5,0,10,51,0.2,1.0,nonlinear,365,100,0.5,0.6933530506492804,38.67061012985609,1.0,0.5
P1,5,0,11,52,0.2,1.0,nonlinear,365,100,0.5,0.6949488422122617,38.989768442452345,1.0,0.5
P1,5,0,12,53,0.2,1.0,nonlinear,365,100,0.5,0.6924405455783834,38.488109115676686,1.0,0.5
P1,5,0,13,54,0.2,1.0,nonlinear,365,100,0.5,0.6929623844201651,38.59247688403302,1.0,0.5
P1,5,0,14,55,0.2,1.0,nonlinear,365,100,0.5,0.6935448230618201,38.708964612364014,1.0,0.5
P1,5,0,15,56,0.2,1.0,nonlinear,365,100,0.5,0.6954939621083184,39.098792421663674,1.0,0.5
P1,5,0,16,57,0.2,1.0,nonlinear,365,100,0.5,0.68873847746397,37.747695492793994,1.0,0.5
P1,5,0,17,58,0.2,1.0,nonlinear,365,100,0.5,0.6968066914920398,39.36133829840796,1.0,0.5
P1,5,0,18,59,0.2,1.0,nonlinear,365,100,0.5,0.6910330418505457,38.20660837010914,1.0,0.5
P1,5,0,19,60,0.2,1.0,nonlinear,365,100,0.5,0.6918074701368152,38.361494027363044,1.0,0.5
P1,5,0,20,61,0.2,1.0,nonlinear,365,100,0.5,0.6872843475508059,37.456869510161184,1.0,0.5
P1,5,0,21,62,0.2,1.0,nonlinear,365,100,0.5,0.6941539121316267,38.83078242632534,1.0,0.5
P1,5,0,22,63,0.2,1.0,nonlinear,365,100,0.5,0.6878730583423711,37.57461166847422,1.0,0.5
P1,5,0,23,64,0.2,1.0,nonlinear,365,100,0.5,0.6909930052953448,38.19860105906896,1.0,0.5
P1,5,0,24,65,0.2,1.0,nonlinear,365,100,0.5,0.6975078016414115,39.501560328282295,1.0,0.5
P1,5,0,25,66,0.2,1.0,nonlinear,365,100,0.5,0.6894618657644402,37.89237315288805,1.0,0.5
P1,5,0,26,67,0.2,1.0,nonlinear,365,100,0.5,0.6947360282762371,38.94720565524743,1.0,0.5
P1,5,0,27,68,0.2,1.0,nonlinear,365,100,0.5,0.6990262022047495,39.80524044094991,1.0,0.5
P1,5,0,28,69,0.2,1.0,nonlinear,365,100,0.5,0.6987806855075079,39.75613710150159,1.0,0.5
P1,5,0,29,70,0.2,1.0,nonlinear,365,100,0.5,0.6915003835989488,38.300076719789764,1.0,0.5
P1,5,0,30,71,0.2,1.0,nonlinear,365,100,0.5,0.692112359702659,38.42247194053181,1.0,0.5
P2,4,1,1,42,0.42941098104190173,0.9155417527999328,nonlinear,365,100,0.5,0.6961326303204975,39.22652606409951,1.0,0.5
P2,4,1,2,43,0.42941098104190173,0.9155417527999328,nonlinear,365,100,0.5,0.6981857867477888,39.637157349557754,1.0,0.5
P2,4,1,3,44,0.42941098104190173,0.9155417527999328,nonlinear,365,100,0.5,0.697803108674037,39.56062173480741,1.0,0.5
P2,4,1,4,45,0.42941098104190173,0.9155417527999328,nonlinear,365,100,0.5,0.6996012316642303,39.920246332846055,1.0,0.5
P2,4,1,5,46,0.42941098104190173,0.9155417527999328,nonlinear,365,100,0.5,0.699059887342665,39.811977468533,1.0,0.5
P2,4,1,6,47,0.42941098104190173,0.9155417527999328,nonlinear,365,100,0.5,0.7003813709363643,40.076274187272865,1.0,0.5
P2,4,1,7,48,0.42941098104190173,0.9155417527999328,nonlinear,365,100,0.5,0.6977083398829188,39.54166797658376,1.0,0.5
P2,4,1,8,49,0.42941098104190173,0.9155417527999328,nonlinear,365,100,0.5,0.7006287513614426,40.12575027228853,1.0,0.5
P2,4,1,9,50,0.42941098104190173,0.9155417527999328,nonlinear,365,100,0.5,0.6967215575252479,39.344311505049575,1.0,0.5
P2,4,1,10,51,0.42941098104190173,0.9155417527999328,nonlinear,365,100,0.5,0.7002804132741647,40.056082654832935,1.0,0.5
P2,4,1,11,52,0.42941098104190173,0.9155417527999328,nonlinear,365,100,0.5,0.7016201015962282,40.32402031924565,1.0,0.5
P2,4,1,12,53,0.42941098104190173,0.9155417527999328,nonlinear,365,100,0.5,0.6995991452301102,39.919829046022045,1.0,0.5
P2,4,1,13,54,0.42941098104190173,0.9155417527999328,nonlinear,365,100,0.5,0.6997817695611483,39.95635391222967,1.0,0.5
P2,4,1,14,55,0.42941098104190173,0.9155417527999328,nonlinear,365,100,0.5,0.700167000715901,40.033400143180195,1.0,0.5
P2,4,1,15,56,0.42941098104190173,0.9155417527999328,nonlinear,365,100,0.5,0.7015525947394549,40.31051894789097,1.0,0.5
P2,4,1,16,57,0.42941098104190173,0.9155417527999328,nonlinear,365,100,0.5,0.6959885544752441,39.19771089504882,1.0,0.5
P2,4,1,17,58,0.42941098104190173,0.9155417527999328,nonlinear,365,100,0.5,0.702426799981203,40.48535999624061,1.0,0.5
P2,4,1,18,59,0.42941098104190173,0.9155417527999328,nonlinear,365,100,0.5,0.6982922217346013,39.65844434692025,1.0,0.5
P2,4,1,19,60,0.42941098104190173,0.9155417527999328,nonlinear,365,100,0.5,0.6982217821786898,39.64435643573796,1.0,0.5
P2,4,1,20,61,0.42941098104190173,0.9155417527999328,nonlinear,365,100,0.5,0.6944370878530676,38.887417570613515,1.0,0.5
P2,4,1,21,62,0.42941098104190173,0.9155417527999328,nonlinear,365,100,0.5,0.7022804441800752,40.456088836015034,1.0,0.5
P2,4,1,22,63,0.42941098104190173,0.9155417527999328,nonlinear,365,100,0.5,0.695252804695416,39.05056093908319,1.0,0.5
P2,4,1,23,64,0.42941098104190173,0.9155417527999328,nonlinear,365,100,0.5,0.6965383612853391,39.307672257067814,1.0,0.5
P2,4,1,24,65,0.42941098104190173,0.9155417527999328,nonlinear,365,100,0.5,0.7037053296834623,40.741065936692465,1.0,0.5
P2,4,1,25,66,0.42941098104190173,0.9155417527999328,nonlinear,365,100,0.5,0.6975145828475743,39.50291656951486,1.0,0.5
P2,4,1,26,67,0.42941098104190173,0.9155417527999328,nonlinear,365,100,0.5,0.7015869209028025,40.3173841805605,1.0,0.5
P2,4,1,27,68,0.42941098104190173,0.9155417527999328,nonlinear,365,100,0.5,0.7055274298544494,41.10548597088987,1.0,0.5
P2,4,1,28,69,0.42941098104190173,0.9155417527999328,nonlinear,365,100,0.5,0.7049296575916998,40.98593151833996,1.0,0.5
P2,4,1,29,70,0.42941098104190173,0.9155417527999328,nonlinear,365,100,0.5,0.6994672083381305,39.89344166762609,1.0,0.5
P2,4,1,30,71,0.42941098104190173,0.9155417527999328,nonlinear,365,100,0.5,0.6978333899472632,39.566677989452636,1.0,0.5
P3,3,2,1,42,0.6172368063146965,0.8196773353931868,nonlinear,365,100,0.5,0.6951184648630989,39.023692972619784,1.0,0.5
P3,3,2,2,43,0.6172368063146965,0.8196773353931868,nonlinear,365,100,0.5,0.6963381838110075,39.267636762201505,1.0,0.5
P3,3,2,3,44,0.6172368063146965,0.8196773353931868,nonlinear,365,100,0.5,0.6966230505399519,39.324610107990374,1.0,0.5
P3,3,2,4,45,0.6172368063146965,0.8196773353931868,nonlinear,365,100,0.5,0.6980334743669828,39.60669487339656,1.0,0.5
P3,3,2,5,46,0.6172368063146965,0.8196773353931868,nonlinear,365,100,0.5,0.6978295700541955,39.56591401083911,1.0,0.5
P3,3,2,6,47,0.6172368063146965,0.8196773353931868,nonlinear,365,100,0.5,0.6991105629957426,39.82211259914852,1.0,0.5
P3,3,2,7,48,0.6172368063146965,0.8196773353931868,nonlinear,365,100,0.5,0.6961501364730633,39.23002729461267,1.0,0.5
P3,3,2,8,49,0.6172368063146965,0.8196773353931868,nonlinear,365,100,0.5,0.6985890440940336,39.71780881880671,1.0,0.5
P3,3,2,9,50,0.6172368063146965,0.8196773353931868,nonlinear,365,100,0.5,0.6945448396960119,38.90896793920238,1.0,0.5
P3,3,2,10,51,0.6172368063146965,0.8196773353931868,nonlinear,365,100,0.5,0.6988068328281353,39.76136656562706,1.0,0.5
P3,3,2,11,52,0.6172368063146965,0.8196773353931868,nonlinear,365,100,0.5,0.7001077255949014,40.021545118980285,1.0,0.5
P3,3,2,12,53,0.6172368063146965,0.8196773353931868,nonlinear,365,100,0.5,0.6985579928911296,39.711598578225924,1.0,0.5
P3,3,2,13,54,0.6172368063146965,0.8196773353931868,nonlinear,365,100,0.5,0.6984485492602235,39.6897098520447,1.0,0.5
P3,3,2,14,55,0.6172368063146965,0.8196773353931868,nonlinear,365,100,0.5,0.6986079264220715,39.721585284414296,1.0,0.5
P3,3,2,15,56,0.6172368063146965,0.8196773353931868,nonlinear,365,100,0.5,0.6995867112529117,39.917342250582344,1.0,0.5
P3,3,2,16,57,0.6172368063146965,0.8196773353931868,nonlinear,365,100,0.5,0.6950607459554451,39.012149191089016,1.0,0.5
P3,3,2,17,58,0.6172368063146965,0.8196773353931868,nonlinear,365,100,0.5,0.7000699705802896,40.01399411605793,1.0,0.5
P3,3,2,18,59,0.6172368063146965,0.8196773353931868,nonlinear,365,100,0.5,0.6973195408942933,39.46390817885865,1.0,0.5
P3,3,2,19,60,0.6172368063146965,0.8196773353931868,nonlinear,365,100,0.5,0.6965879021739639,39.31758043479279,1.0,0.5
P3,3,2,20,61,0.6172368063146965,0.8196773353931868,nonlinear,365,100,0.5,0.6934138500694831,38.682770013896615,1.0,0.5
P3,3,2,21,62,0.6172368063146965,0.8196773353931868,nonlinear,365,100,0.5,0.7020848115222327,40.416962304446535,1.0,0.5
P3,3,2,22,63,0.6172368063146965,0.8196773353931868,nonlinear,365,100,0.5,0.6944358381030726,38.88716762061453,1.0,0.5
P3,3,2,23,64,0.6172368063146965,0.8196773353931868,nonlinear,365,100,0.5,0.6941241058042406,38.82482116084811,1.0,0.5
P3,3,2,24,65,0.6172368063146965,0.8196773353931868,nonlinear,365,100,0.5,0.7017189021450148,40.34378042900295,1.0,0.5
P3,3,2,25,66,0.6172368063146965,0.8196773353931868,nonlinear,365,100,0.5,0.6971909839364596,39.43819678729192,1.0,0.5
P3,3,2,26,67,0.6172368063146965,0.8196773353931868,nonlinear,365,100,0.5,0.7002850555997006,40.057011119940114,1.0,0.5
P3,3,2,27,68,0.6172368063146965,0.8196773353931868,nonlinear,365,100,0.5,0.703835112642543,40.76702252850859,1.0,0.5
P3,3,2,28,69,0.6172368063146965,0.8196773353931868,nonlinear,365,100,0.5,0.7030420741887983,40.60841483775965,1.0,0.5
P3,3,2,29,70,0.6172368063146965,0.8196773353931868,nonlinear,365,100,0.5,0.6990975891128988,39.819517822579755,1.0,0.5
P3,3,2,30,71,0.6172368063146965,0.8196773353931868,nonlinear,365,100,0.5,0.6955911970373307,39.11823940746615,1.0,0.5
P4,2,3,1,42,0.7710155856877852,0.7059644256269408,nonlinear,365,100,0.5,0.6860700624526722,37.214012490534444,1.0,0.5
P4,2,3,2,43,0.7710155856877852,0.7059644256269408,nonlinear,365,100,0.5,0.6864112820897151,37.282256417943024,1.0,0.5
P4,2,3,3,44,0.7710155856877852,0.7059644256269408,nonlinear,365,100,0.5,0.6874525171268252,37.49050342536504,1.0,0.5
P4,2,3,4,45,0.7710155856877852,0.7059644256269408,nonlinear,365,100,0.5,0.6883555088239458,37.671101764789164,1.0,0.5
P4,2,3,5,46,0.7710155856877852,0.7059644256269408,nonlinear,365,100,0.5,0.6886366094294359,37.727321885887186,1.0,0.5
P4,2,3,6,47,0.7710155856877852,0.7059644256269408,nonlinear,365,100,0.5,0.6897614122670153,37.95228245340305,1.0,0.5
P4,2,3,7,48,0.7710155856877852,0.7059644256269408,nonlinear,365,100,0.5,0.6865643427619464,37.31286855238929,1.0,0.5
P4,2,3,8,49,0.7710155856877852,0.7059644256269408,nonlinear,365,100,0.5,0.6885964018175527,37.719280363510535,1.0,0.5
P4,2,3,9,50,0.7710155856877852,0.7059644256269408,nonlinear,365,100,0.5,0.6844143258715121,36.88286517430242,1.0,0.5
P4,2,3,10,51,0.7710155856877852,0.7059644256269408,nonlinear,365,100,0.5,0.6890694800093939,37.81389600187879,1.0,0.5
P4,2,3,11,52,0.7710155856877852,0.7059644256269408,nonlinear,365,100,0.5,0.6905132653608927,38.10265307217855,1.0,0.5
P4,2,3,12,53,0.7710155856877852,0.7059644256269408,nonlinear,365,100,0.5,0.6894465387640878,37.88930775281756,1.0,0.5
P4,2,3,13,54,0.7710155856877852,0.7059644256269408,nonlinear,365,100,0.5,0.6890606645405887,37.81213290811773,1.0,0.5
P4,2,3,14,55,0.7710155856877852,0.7059644256269408,nonlinear,365,100,0.5,0.6889577401149087,37.79154802298174,1.0,0.5
P4,2,3,15,56,0.7710155856877852,0.7059644256269408,nonlinear,365,100,0.5,0.6896280176279111,37.92560352558223,1.0,0.5
P4,2,3,16,57,0.7710155856877852,0.7059644256269408,nonlinear,365,100,0.5,0.6860911765866728,37.21823531733457,1.0,0.5
P4,2,3,17,58,0.7710155856877852,0.7059644256269408,nonlinear,365,100,0.5,0.6897290474390032,37.945809487800645,1.0,0.5
P4,2,3,18,59,0.7710155856877852,0.7059644256269408,nonlinear,365,100,0.5,0.6882650174450725,37.6530034890145,1.0,0.5
P4,2,3,19,60,0.7710155856877852,0.7059644256269408,nonlinear,365,100,0.5,0.6869689904112845,37.39379808225689,1.0,0.5
P4,2,3,20,61,0.7710155856877852,0.7059644256269408,nonlinear,365,100,0.5,0.684339419767156,36.86788395343119,1.0,0.5
P4,2,3,21,62,0.7710155856877852,0.7059644256269408,nonlinear,365,100,0.5,0.6938058743015363,38.76117486030726,1.0,0.5
P4,2,3,22,63,0.7710155856877852,0.7059644256269408,nonlinear,365,100,0.5,0.685571841263337,37.114368252667404,1.0,0.5
P4,2,3,23,64,0.7710155856877852,0.7059644256269408,nonlinear,365,100,0.5,0.6837258295358397,36.745165907167944,1.0,0.5
P4,2,3,24,65,0.7710155856877852,0.7059644256269408,nonlinear,365,100,0.5,0.6916007268568258,38.320145371365165,1.0,0.5
P4,2,3,25,66,0.7710155856877852,0.7059644256269408,nonlinear,365,100,0.5,0.688714684517175,37.742936903434995,1.0,0.5
P4,2,3,26,67,0.7710155856877852,0.7059644256269408,nonlinear,365,100,0.5,0.6909465914922038,38.18931829844077,1.0,0.5
P4,2,3,27,68,0.7710155856877852,0.7059644256269408,nonlinear,365,100,0.5,0.6940359232746434,38.807184654928676,1.0,0.5
P4,2,3,28,69,0.7710155856877852,0.7059644256269408,nonlinear,365,100,0.5,0.6931661080984496,38.63322161968992,1.0,0.5
P4,2,3,29,70,0.7710155856877852,0.7059644256269408,nonlinear,365,100,0.5,0.69061250623666,38.12250124733201,1.0,0.5
P4,2,3,30,71,0.7710155856877852,0.7059644256269408,nonlinear,365,100,0.5,0.6853780326571687,37.075606531433735,1.0,0.5
P5,1,4,1,42,0.8969190015313269,0.5577708763999663,nonlinear,365,100,0.5,0.6662602113851496,33.252042277029915,1.0,0.5
P5,1,4,2,43,0.8969190015313269,0.5577708763999663,nonlinear,365,100,0.5,0.6655342508959967,33.10685017919934,1.0,0.5
P5,1,4,3,44,0.8969190015313269,0.5577708763999663,nonlinear,365,100,0.5,0.667541120642183,33.508224128436595,1.0,0.5
P5,1,4,4,45,0.8969190015313269,0.5577708763999663,nonlinear,365,100,0.5,0.6677346776126238,33.54693552252477,1.0,0.5
P5,1,4,5,46,0.8969190015313269,0.5577708763999663,nonlinear,365,100,0.5,0.66873017813223,33.746035626446,1.0,0.5
P5,1,4,6,47,0.8969190015313269,0.5577708763999663,nonlinear,365,100,0.5,0.6695547299749867,33.910945994997334,1.0,0.5
P5,1,4,7,48,0.8969190015313269,0.5577708763999663,nonlinear,365,100,0.5,0.6661386770491246,33.22773540982491,1.0,0.5
P5,1,4,8,49,0.8969190015313269,0.5577708763999663,nonlinear,365,100,0.5,0.6677836944422276,33.55673888844552,1.0,0.5
P5,1,4,9,50,0.8969190015313269,0.5577708763999663,nonlinear,365,100,0.5,0.6634378281085483,32.687565621709666,1.0,0.5
P5,1,4,10,51,0.8969190015313269,0.5577708763999663,nonlinear,365,100,0.5,0.6682205366420368,33.64410732840737,1.0,0.5
P5,1,4,11,52,0.8969190015313269,0.5577708763999663,nonlinear,365,100,0.5,0.6700255199214443,34.005103984288866,1.0,0.5
P5,1,4,12,53,0.8969190015313269,0.5577708763999663,nonlinear,365,100,0.5,0.6695154850870777,33.90309701741554,1.0,0.5
P5,1,4,13,54,0.8969190015313269,0.5577708763999663,nonlinear,365,100,0.5,0.6688292069750067,33.76584139500134,1.0,0.5
P5,1,4,14,55,0.8969190015313269,0.5577708763999663,nonlinear,365,100,0.5,0.6683912127223519,33.67824254447038,1.0,0.5
P5,1,4,15,56,0.8969190015313269,0.5577708763999663,nonlinear,365,100,0.5,0.6688135646869856,33.76271293739712,1.0,0.5
P5,1,4,16,57,0.8969190015313269,0.5577708763999663,nonlinear,365,100,0.5,0.6663544097605332,33.270881952106635,1.0,0.5
P5,1,4,17,58,0.8969190015313269,0.5577708763999663,nonlinear,365,100,0.5,0.6684843002001117,33.696860040022344,1.0,0.5
P5,1,4,18,59,0.8969190015313269,0.5577708763999663,nonlinear,365,100,0.5,0.6683962824242606,33.679256484852125,1.0,0.5
P5,1,4,19,60,0.8969190015313269,0.5577708763999663,nonlinear,365,100,0.5,0.6665532712703193,33.310654254063856,1.0,0.5
P5,1,4,20,61,0.8969190015313269,0.5577708763999663,nonlinear,365,100,0.5,0.6644690156179409,32.893803123588185,1.0,0.5
P5,1,4,21,62,0.8969190015313269,0.5577708763999663,nonlinear,365,100,0.5,0.6748344277477846,34.96688554955691,1.0,0.5
P5,1,4,22,63,0.8969190015313269,0.5577708763999663,nonlinear,365,100,0.5,0.6659529181242938,33.19058362485876,1.0,0.5
P5,1,4,23,64,0.8969190015313269,0.5577708763999663,nonlinear,365,100,0.5,0.6624060435760218,32.48120871520437,1.0,0.5
P5,1,4,24,65,0.8969190015313269,0.5577708763999663,nonlinear,365,100,0.5,0.6704482715960443,34.08965431920885,1.0,0.5
P5,1,4,25,66,0.8969190015313269,0.5577708763999663,nonlinear,365,100,0.5,0.6694306346547323,33.88612693094646,1.0,0.5
P5,1,4,26,67,0.8969190015313269,0.5577708763999663,nonlinear,365,100,0.5,0.6708028677796306,34.16057355592612,1.0,0.5
P5,1,4,27,68,0.8969190015313269,0.5577708763999663,nonlinear,365,100,0.5,0.6732856927757491,34.65713855514983,1.0,0.5
P5,1,4,28,69,0.8969190015313269,0.5577708763999663,nonlinear,365,100,0.5,0.6724561726789631,34.491234535792614,1.0,0.5
P5,1,4,29,70,0.8969190015313269,0.5577708763999663,nonlinear,365,100,0.5,0.6713660277881347,34.27320555762694,1.0,0.5
P5,1,4,30,71,0.8969190015313269,0.5577708763999663,nonlinear,365,100,0.5,0.6642872621012069,32.85745242024139,1.0,0.5
P6,0,5,1,42,1.0,0.2,nonlinear,365,100,0.5,0.5957045212929356,19.14090425858712,1.0,0.5
P6,0,5,2,43,1.0,0.2,nonlinear,365,100,0.5,0.5924308138221568,18.486162764431356,1.0,0.5
P6,0,5,3,44,1.0,0.2,nonlinear,365,100,0.5,0.5968537374156803,19.370747483136054,1.0,0.5
P6,0,5,4,45,1.0,0.2,nonlinear,365,100,0.5,0.5951141298285436,19.022825965708723,1.0,0.5
P6,0,5,5,46,1.0,0.2,nonlinear,365,100,0.5,0.5981457970907732,19.62915941815464,1.0,0.5
P6,0,5,6,47,1.0,0.2,nonlinear,365,100,0.5,0.5979499396386273,19.58998792772546,1.0,0.5
P6,0,5,7,48,1.0,0.2,nonlinear,365,100,0.5,0.5942296090252669,18.84592180505338,1.0,0.5
P6,0,5,8,49,1.0,0.2,nonlinear,365,100,0.5,0.5952260932654375,19.045218653087503,1.0,0.5
P6,0,5,9,50,1.0,0.2,nonlinear,365,100,0.5,0.5905075235331467,18.101504706629346,1.0,0.5
P6,0,5,10,51,1.0,0.2,nonlinear,365,100,0.5,0.5946437702764664,18.928754055293282,1.0,0.5
P6,0,5,11,52,1.0,0.2,nonlinear,365,100,0.5,0.5978192883420581,19.56385766841162,1.0,0.5
P6,0,5,12,53,1.0,0.2,nonlinear,365,100,0.5,0.598530880564615,19.706176112923004,1.0,0.5
P6,0,5,13,54,1.0,0.2,nonlinear,365,100,0.5,0.5972414749159376,19.44829498318752,1.0,0.5
P6,0,5,14,55,1.0,0.2,nonlinear,365,100,0.5,0.5959716665758584,19.194333315171686,1.0,0.5
P6,0,5,15,56,1.0,0.2,nonlinear,365,100,0.5,0.5961706526001519,19.23413052003038,1.0,0.5
P6,0,5,16,57,1.0,0.2,nonlinear,365,100,0.5,0.5958937993253143,19.178759865062855,1.0,0.5
P6,0,5,17,58,1.0,0.2,nonlinear,365,100,0.5,0.5949037444349365,18.980748886987307,1.0,0.5
P6,0,5,18,59,1.0,0.2,nonlinear,365,100,0.5,0.5975658266133947,19.51316532267895,1.0,0.5
P6,0,5,19,60,1.0,0.2,nonlinear,365,100,0.5,0.5948107950445887,18.962159008917734,1.0,0.5
P6,0,5,20,61,1.0,0.2,nonlinear,365,100,0.5,0.5936661588094244,18.733231761884884,1.0,0.5
P6,0,5,21,62,1.0,0.2,nonlinear,365,100,0.5,0.6059921686920655,21.1984337384131,1.0,0.5
P6,0,5,22,63,1.0,0.2,nonlinear,365,100,0.5,0.595752861778804,19.150572355760808,1.0,0.5
P6,0,5,23,64,1.0,0.2,nonlinear,365,100,0.5,0.5886165189018957,17.72330378037914,1.0,0.5
P6,0,5,24,65,1.0,0.2,nonlinear,365,100,0.5,0.5965704209800831,19.314084196016612,1.0,0.5
P6,0,5,25,66,1.0,0.2,nonlinear,365,100,0.5,0.5996425936736045,19.928518734720903,1.0,0.5
P6,0,5,26,67,1.0,0.2,nonlinear,365,100,0.5,0.5994922338239032,19.89844676478063,1.0,0.5
P6,0,5,27,68,1.0,0.2,nonlinear,365,100,0.5,0.6004239148496318,20.08478296992635,1.0,0.5
P6,0,5,28,69,1.0,0.2,nonlinear,365,100,0.5,0.6000482412452885,20.00964824905771,1.0,0.5
P6,0,5,29,70,1.0,0.2,nonlinear,365,100,0.5,0.6018213304389458,20.36426608778916,1.0,0.5
P6,0,5,30,71,1.0,0.2,nonlinear,365,100,0.5,0.5910560001869407,18.211200037388142,1.0,0.5
P1,5,0,1,42,0.2,1.0,nonlinear,365,100,0.5,0.6889736378220522,37.794727564410444,1.0,0.7
P1,5,0,2,43,0.2,1.0,nonlinear,365,100,0.5,0.6918996779964706,38.379935599294114,1.0,0.7
P1,5,0,3,44,0.2,1.0,nonlinear,365,100,0.5,0.690888280930465,38.17765618609299,1.0,0.7
P1,5,0,4,45,0.2,1.0,nonlinear,365,100,0.5,0.6929665591702927,38.59331183405854,1.0,0.7
P1,5,0,5,46,0.2,1.0,nonlinear,365,100,0.5,0.6922323961266099,38.44647922532198,1.0,0.7
P1,5,0,6,47,0.2,1.0,nonlinear,365,100,0.5,0.6934548646434143,38.69097292868287,1.0,0.7
P1,5,0,7,48,0.2,1.0,nonlinear,365,100,0.5,0.6911629271725501,38.23258543451003,1.0,0.7
P1,5,0,8,49,0.2,1.0,nonlinear,365,100,0.5,0.6946972263915329,38.93944527830657,1.0,0.7
P1,5,0,9,50,0.2,1.0,nonlinear,365,100,0.5,0.6909463489827055,38.18926979654109,1.0,0.7
P1,5,0,10,51,0.2,1.0,nonlinear,365,100,0.5,0.6933530506492804,38.67061012985609,1.0,0.7
P1,5,0,11,52,0.2,1.0,nonlinear,365,100,0.5,0.6949488422122617,38.989768442452345,1.0,0.7
P1,5,0,12,53,0.2,1.0,nonlinear,365,100,0.5,0.6924405455783834,38.488109115676686,1.0,0.7
P1,5,0,13,54,0.2,1.0,nonlinear,365,100,0.5,0.6929623844201651,38.59247688403302,1.0,0.7
P1,5,0,14,55,0.2,1.0,nonlinear,365,100,0.5,0.6935448230618201,38.708964612364014,1.0,0.7
P1,5,0,15,56,0.2,1.0,nonlinear,365,100,0.5,0.6954939621083184,39.098792421663674,1.0,0.7
P1,5,0,16,57,0.2,1.0,nonlinear,365,100,0.5,0.68873847746397,37.747695492793994,1.0,0.7
P1,5,0,17,58,0.2,1.0,nonlinear,365,100,0.5,0.6968066914920398,39.36133829840796,1.0,0.7
P1,5,0,18,59,0.2,1.0,nonlinear,365,100,0.5,0.6910330418505457,38.20660837010914,1.0,0.7
P1,5,0,19,60,0.2,1.0,nonlinear,365,100,0.5,0.6918074701368152,38.361494027363044,1.0,0.7
P1,5,0,20,61,0.2,1.0,nonlinear,365,100,0.5,0.6872843475508059,37.456869510161184,1.0,0.7
P1,5,0,21,62,0.2,1.0,nonlinear,365,100,0.5,0.6941539121316267,38.83078242632534,1.0,0.7
P1,5,0,22,63,0.2,1.0,nonlinear,365,100,0.5,0.6878730583423711,37.57461166847422,1.0,0.7
P1,5,0,23,64,0.2,1.0,nonlinear,365,100,0.5,0.6909930052953448,38.19860105906896,1.0,0.7
P1,5,0,24,65,0.2,1.0,nonlinear,365,100,0.5,0.6975078016414115,39.501560328282295,1.0,0.7
P1,5,0,25,66,0.2,1.0,nonlinear,365,100,0.5,0.6894618657644402,37.89237315288805,1.0,0.7
P1,5,0,26,67,0.2,1.0,nonlinear,365,100,0.5,0.6947360282762371,38.94720565524743,1.0,0.7
P1,5,0,27,68,0.2,1.0,nonlinear,365,100,0.5,0.6990262022047495,39.80524044094991,1.0,0.7
P1,5,0,28,69,0.2,1.0,nonlinear,365,100,0.5,0.6987806855075079,39.75613710150159,1.0,0.7
P1,5,0,29,70,0.2,1.0,nonlinear,365,100,0.5,0.6915003835989488,38.300076719789764,1.0,0.7
P1,5,0,30,71,0.2,1.0,nonlinear,365,100,0.5,0.692112359702659,38.42247194053181,1.0,0.7
P2,4,1,1,42,0.42941098104190173,0.8843101439943604,nonlinear,365,100,0.5,0.6885317668608535,37.706353372170696,1.0,0.7
P2,4,1,2,43,0.42941098104190173,0.8843101439943604,nonlinear,365,100,0.5,0.6903771240054444,38.07542480108887,1.0,0.7
P2,4,1,3,44,0.42941098104190173,0.8843101439943604,nonlinear,365,100,0.5,0.690208909389427,38.041781877885406,1.0,0.7
P2,4,1,4,45,0.42941098104190173,0.8843101439943604,nonlinear,365,100,0.5,0.6918108915995794,38.362178319915884,1.0,0.7
P2,4,1,5,46,0.42941098104190173,0.8843101439943604,nonlinear,365,100,0.5,0.6914862567396052,38.29725134792103,1.0,0.7
P2,4,1,6,47,0.42941098104190173,0.8843101439943604,nonlinear,365,100,0.5,0.6926786870537291,38.53573741074583,1.0,0.7
P2,4,1,7,48,0.42941098104190173,0.8843101439943604,nonlinear,365,100,0.5,0.6900147045642343,38.00294091284686,1.0,0.7
P2,4,1,8,49,0.42941098104190173,0.8843101439943604,nonlinear,365,100,0.5,0.6928917371859686,38.57834743719373,1.0,0.7
P2,4,1,9,50,0.42941098104190173,0.8843101439943604,nonlinear,365,100,0.5,0.6889623485397229,37.79246970794459,1.0,0.7
P2,4,1,10,51,0.42941098104190173,0.8843101439943604,nonlinear,365,100,0.5,0.6923695095177139,38.47390190354278,1.0,0.7
P2,4,1,11,52,0.42941098104190173,0.8843101439943604,nonlinear,365,100,0.5,0.6938750871193978,38.77501742387957,1.0,0.7
P2,4,1,12,53,0.42941098104190173,0.8843101439943604,nonlinear,365,100,0.5,0.6919545340718772,38.39090681437545,1.0,0.7
P2,4,1,13,54,0.42941098104190173,0.8843101439943604,nonlinear,365,100,0.5,0.6921032360646633,38.42064721293266,1.0,0.7
P2,4,1,14,55,0.42941098104190173,0.8843101439943604,nonlinear,365,100,0.5,0.6924119064591219,38.482381291824375,1.0,0.7
P2,4,1,15,56,0.42941098104190173,0.8843101439943604,nonlinear,365,100,0.5,0.6938164856913491,38.76329713826983,1.0,0.7
P2,4,1,16,57,0.42941098104190173,0.8843101439943604,nonlinear,365,100,0.5,0.6883959074440951,37.67918148881901,1.0,0.7
P2,4,1,17,58,0.42941098104190173,0.8843101439943604,nonlinear,365,100,0.5,0.6946157780192195,38.923155603843895,1.0,0.7
P2,4,1,18,59,0.42941098104190173,0.8843101439943604,nonlinear,365,100,0.5,0.6906654521363526,38.13309042727051,1.0,0.7
P2,4,1,19,60,0.42941098104190173,0.8843101439943604,nonlinear,365,100,0.5,0.6905502179687877,38.11004359375754,1.0,0.7
P2,4,1,20,61,0.42941098104190173,0.8843101439943604,nonlinear,365,100,0.5,0.6868145125916925,37.362902518338494,1.0,0.7
P2,4,1,21,62,0.42941098104190173,0.8843101439943604,nonlinear,365,100,0.5,0.6947892176868151,38.957843537363026,1.0,0.7
P2,4,1,22,63,0.42941098104190173,0.8843101439943604,nonlinear,365,100,0.5,0.6876807889346577,37.53615778693153,1.0,0.7
P2,4,1,23,64,0.42941098104190173,0.8843101439943604,nonlinear,365,100,0.5,0.688710823748999,37.74216474979979,1.0,0.7
P2,4,1,24,65,0.42941098104190173,0.8843101439943604,nonlinear,365,100,0.5,0.6958144256395716,39.16288512791433,1.0,0.7
P2,4,1,25,66,0.42941098104190173,0.8843101439943604,nonlinear,365,100,0.5,0.6899373706021926,37.98747412043853,1.0,0.7
P2,4,1,26,67,0.42941098104190173,0.8843101439943604,nonlinear,365,100,0.5,0.6939187113659987,38.78374227319974,1.0,0.7
P2,4,1,27,68,0.42941098104190173,0.8843101439943604,nonlinear,365,100,0.5,0.6977265834197395,39.545316683947895,1.0,0.7
P2,4,1,28,69,0.42941098104190173,0.8843101439943604,nonlinear,365,100,0.5,0.6971968451318575,39.43936902637151,1.0,0.7
P2,4,1,29,70,0.42941098104190173,0.8843101439943604,nonlinear,365,100,0.5,0.6919277274312852,38.38554548625703,1.0,0.7
P2,4,1,30,71,0.42941098104190173,0.8843101439943604,nonlinear,365,100,0.5,0.6900461098231516,38.00922196463033,1.0,0.7
P3,3,2,1,42,0.6172368063146965,0.7594945523315435,nonlinear,365,100,0.5,0.6808629124948794,36.17258249897588,1.0,0.7
P3,3,2,2,43,0.6172368063146965,0.7594945523315435,nonlinear,365,100,0.5,0.6816817565989415,36.33635131978829,1.0,0.7
P3,3,2,3,44,0.6172368063146965,0.7594945523315435,nonlinear,365,100,0.5,0.6823723413010864,36.47446826021727,1.0,0.7
P3,3,2,4,45,0.6172368063146965,0.7594945523315435,nonlinear,365,100,0.5,0.6834215891689271,36.68431783378543,1.0,0.7
P3,3,2,5,46,0.6172368063146965,0.7594945523315435,nonlinear,365,100,0.5,0.6836137526915358,36.72275053830716,1.0,0.7
P3,3,2,6,47,0.6172368063146965,0.7594945523315435,nonlinear,365,100,0.5,0.6846661422860987,36.933228457219734,1.0,0.7
P3,3,2,7,48,0.6172368063146965,0.7594945523315435,nonlinear,365,100,0.5,0.6817073668446934,36.34147336893867,1.0,0.7
P3,3,2,8,49,0.6172368063146965,0.7594945523315435,nonlinear,365,100,0.5,0.6840628888199003,36.81257776398006,1.0,0.7
P3,3,2,9,50,0.6172368063146965,0.7594945523315435,nonlinear,365,100,0.5,0.6799706934678668,35.994138693573355,1.0,0.7
P3,3,2,10,51,0.6172368063146965,0.7594945523315435,nonlinear,365,100,0.5,0.6839794339135824,36.79588678271648,1.0,0.7
P3,3,2,11,52,0.6172368063146965,0.7594945523315435,nonlinear,365,100,0.5,0.6855795489538116,37.115909790762316,1.0,0.7
P3,3,2,12,53,0.6172368063146965,0.7594945523315435,nonlinear,365,100,0.5,0.6842193720680879,36.843874413617584,1.0,0.7
P3,3,2,13,54,0.6172368063146965,0.7594945523315435,nonlinear,365,100,0.5,0.6840382746781724,36.807654935634474,1.0,0.7
P3,3,2,14,55,0.6172368063146965,0.7594945523315435,nonlinear,365,100,0.5,0.6840550650767855,36.8110130153571,1.0,0.7
P3,3,2,15,56,0.6172368063146965,0.7594945523315435,nonlinear,365,100,0.5,0.6850559110095551,37.01118220191102,1.0,0.7
P3,3,2,16,57,0.6172368063146965,0.7594945523315435,nonlinear,365,100,0.5,0.6808183833658348,36.163676673166954,1.0,0.7
P3,3,2,17,58,0.6172368063146965,0.7594945523315435,nonlinear,365,100,0.5,0.6853959079819889,37.07918159639778,1.0,0.7
P3,3,2,18,59,0.6172368063146965,0.7594945523315435,nonlinear,365,100,0.5,0.6830137888468335,36.602757769366704,1.0,0.7
P3,3,2,19,60,0.6172368063146965,0.7594945523315435,nonlinear,365,100,0.5,0.6821851697710763,36.437033954215266,1.0,0.7
P3,3,2,20,61,0.6172368063146965,0.7594945523315435,nonlinear,365,100,0.5,0.6791143880320771,35.822877606415425,1.0,0.7
P3,3,2,21,62,0.6172368063146965,0.7594945523315435,nonlinear,365,100,0.5,0.6880537567259069,37.61075134518137,1.0,0.7
P3,3,2,22,63,0.6172368063146965,0.7594945523315435,nonlinear,365,100,0.5,0.6802330682565794,36.04661365131587,1.0,0.7
P3,3,2,23,64,0.6172368063146965,0.7594945523315435,nonlinear,365,100,0.5,0.6794163903559394,35.883278071187874,1.0,0.7
P3,3,2,24,65,0.6172368063146965,0.7594945523315435,nonlinear,365,100,0.5,0.6869124482798238,37.382489655964754,1.0,0.7
P3,3,2,25,66,0.6172368063146965,0.7594945523315435,nonlinear,365,100,0.5,0.6829940124070939,36.59880248141878,1.0,0.7
P3,3,2,26,67,0.6172368063146965,0.7594945523315435,nonlinear,365,100,0.5,0.6859047436311673,37.18094872623345,1.0,0.7
P3,3,2,27,68,0.6172368063146965,0.7594945523315435,nonlinear,365,100,0.5,0.6891998706194458,37.83997412388915,1.0,0.7
P3,3,2,28,69,0.6172368063146965,0.7594945523315435,nonlinear,365,100,0.5,0.6885276376757082,37.70552753514165,1.0,0.7
P3,3,2,29,70,0.6172368063146965,0.7594945523315435,nonlinear,365,100,0.5,0.6849669380001157,36.993387600023134,1.0,0.7
P3,3,2,30,71,0.6172368063146965,0.7594945523315435,nonlinear,365,100,0.5,0.6809636407128166,36.19272814256331,1.0,0.7
P4,2,3,1,42,0.7710155856877852,0.621242305386956,nonlinear,365,100,0.5,0.6663490245857125,33.26980491714251,1.0,0.7
P4,2,3,2,43,0.7710155856877852,0.621242305386956,nonlinear,365,100,0.5,0.6661202323973938,33.224046479478766,1.0,0.7
P4,2,3,3,44,0.7710155856877852,0.621242305386956,nonlinear,365,100,0.5,0.6677295066654564,33.54590133309128,1.0,0.7
P4,2,3,4,45,0.7710155856877852,0.621242305386956,nonlinear,365,100,0.5,0.668138194452976,33.62763889059519,1.0,0.7
P4,2,3,5,46,0.7710155856877852,0.621242305386956,nonlinear,365,100,0.5,0.6689576967111656,33.791539342233115,1.0,0.7
P4,2,3,6,47,0.7710155856877852,0.621242305386956,nonlinear,365,100,0.5,0.6697800106057378,33.956002121147556,1.0,0.7
P4,2,3,7,48,0.7710155856877852,0.621242305386956,nonlinear,365,100,0.5,0.6665682759462342,33.31365518924685,1.0,0.7
P4,2,3,8,49,0.7710155856877852,0.621242305386956,nonlinear,365,100,0.5,0.6684822773607642,33.696455472152834,1.0,0.7
P4,2,3,9,50,0.7710155856877852,0.621242305386956,nonlinear,365,100,0.5,0.6642266502788305,32.84533005576611,1.0,0.7
P4,2,3,10,51,0.7710155856877852,0.621242305386956,nonlinear,365,100,0.5,0.66856398156526,33.712796313051996,1.0,0.7
P4,2,3,11,52,0.7710155856877852,0.621242305386956,nonlinear,365,100,0.5,0.6704103811724763,34.08207623449526,1.0,0.7
P4,2,3,12,53,0.7710155856877852,0.621242305386956,nonlinear,365,100,0.5,0.6696092427002371,33.92184854004743,1.0,0.7
P4,2,3,13,54,0.7710155856877852,0.621242305386956,nonlinear,365,100,0.5,0.6691144530390399,33.822890607807985,1.0,0.7
P4,2,3,14,55,0.7710155856877852,0.621242305386956,nonlinear,365,100,0.5,0.6688141812176629,33.762836243532576,1.0,0.7
P4,2,3,15,56,0.7710155856877852,0.621242305386956,nonlinear,365,100,0.5,0.6695002887119438,33.90005774238875,1.0,0.7
P4,2,3,16,57,0.7710155856877852,0.621242305386956,nonlinear,365,100,0.5,0.6663861891826165,33.2772378365233,1.0,0.7
P4,2,3,17,58,0.7710155856877852,0.621242305386956,nonlinear,365,100,0.5,0.6693989168216765,33.8797833643353,1.0,0.7
P4,2,3,18,59,0.7710155856877852,0.621242305386956,nonlinear,365,100,0.5,0.668471940514638,33.6943881029276,1.0,0.7
P4,2,3,19,60,0.7710155856877852,0.621242305386956,nonlinear,365,100,0.5,0.6670275743505372,33.40551487010743,1.0,0.7
P4,2,3,20,61,0.7710155856877852,0.621242305386956,nonlinear,365,100,0.5,0.6645539595876614,32.91079191753228,1.0,0.7
P4,2,3,21,62,0.7710155856877852,0.621242305386956,nonlinear,365,100,0.5,0.6744174040690779,34.88348081381558,1.0,0.7
P4,2,3,22,63,0.7710155856877852,0.621242305386956,nonlinear,365,100,0.5,0.6659230695529769,33.184613910595374,1.0,0.7
P4,2,3,23,64,0.7710155856877852,0.621242305386956,nonlinear,365,100,0.5,0.6633461852262252,32.66923704524505,1.0,0.7
P4,2,3,24,65,0.7710155856877852,0.621242305386956,nonlinear,365,100,0.5,0.6711059577388836,34.22119154777672,1.0,0.7
P4,2,3,25,66,0.7710155856877852,0.621242305386956,nonlinear,365,100,0.5,0.669090583916197,33.818116783239404,1.0,0.7
P4,2,3,26,67,0.7710155856877852,0.621242305386956,nonlinear,365,100,0.5,0.6710533935241976,34.210678704839516,1.0,0.7
P4,2,3,27,68,0.7710155856877852,0.621242305386956,nonlinear,365,100,0.5,0.6737816711928193,34.75633423856386,1.0,0.7
P4,2,3,28,69,0.7710155856877852,0.621242305386956,nonlinear,365,100,0.5,0.6730721477075484,34.614429541509686,1.0,0.7
P4,2,3,29,70,0.7710155856877852,0.621242305386956,nonlinear,365,100,0.5,0.6710753106166792,34.21506212333585,1.0,0.7
P4,2,3,30,71,0.7710155856877852,0.621242305386956,nonlinear,365,100,0.5,0.6651157419905038,33.023148398100766,1.0,0.7
P5,1,4,1,42,0.8969190015313269,0.459305055470842,nonlinear,365,100,0.5,0.6435172228085804,28.703444561716076,1.0,0.7
P5,1,4,2,43,0.8969190015313269,0.459305055470842,nonlinear,365,100,0.5,0.6421142282419172,28.422845648383444,1.0,0.7
P5,1,4,3,44,0.8969190015313269,0.459305055470842,nonlinear,365,100,0.5,0.6447872720409928,28.95745440819857,1.0,0.7
P5,1,4,4,45,0.8969190015313269,0.459305055470842,nonlinear,365,100,0.5,0.644412494501376,28.88249890027521,1.0,0.7
P5,1,4,5,46,0.8969190015313269,0.459305055470842,nonlinear,365,100,0.5,0.6460231622339718,29.204632446794363,1.0,0.7
P5,1,4,6,47,0.8969190015313269,0.459305055470842,nonlinear,365,100,0.5,0.6465098464484758,29.30196928969515,1.0,0.7
P5,1,4,7,48,0.8969190015313269,0.459305055470842,nonlinear,365,100,0.5,0.643061281170395,28.61225623407899,1.0,0.7
P5,1,4,8,49,0.8969190015313269,0.459305055470842,nonlinear,365,100,0.5,0.644566706565142,28.913341313028408,1.0,0.7
P5,1,4,9,50,0.8969190015313269,0.459305055470842,nonlinear,365,100,0.5,0.6401292088073394,28.025841761467873,1.0,0.7
P5,1,4,10,51,0.8969190015313269,0.459305055470842,nonlinear,365,100,0.5,0.6445725260593301,28.914505211866025,1.0,0.7
P5,1,4,11,52,0.8969190015313269,0.459305055470842,nonlinear,365,100,0.5,0.646834121953396,29.36682439067919,1.0,0.7
P5,1,4,12,53,0.8969190015313269,0.459305055470842,nonlinear,365,100,0.5,0.6466364821793883,29.32729643587766,1.0,0.7
P5,1,4,13,54,0.8969190015313269,0.459305055470842,nonlinear,365,100,0.5,0.6458142196393404,29.162843927868074,1.0,0.7
P5,1,4,14,55,0.8969190015313269,0.459305055470842,nonlinear,365,100,0.5,0.6451465082881214,29.029301657624274,1.0,0.7
P5,1,4,15,56,0.8969190015313269,0.459305055470842,nonlinear,365,100,0.5,0.6455740796506021,29.114815930120418,1.0,0.7
P5,1,4,16,57,0.8969190015313269,0.459305055470842,nonlinear,365,100,0.5,0.6436281388755482,28.72562777510963,1.0,0.7
P5,1,4,17,58,0.8969190015313269,0.459305055470842,nonlinear,365,100,0.5,0.6450055152598111,29.001103051962218,1.0,0.7
P5,1,4,18,59,0.8969190015313269,0.459305055470842,nonlinear,365,100,0.5,0.6455663833744594,29.113276674891875,1.0,0.7
P5,1,4,19,60,0.8969190015313269,0.459305055470842,nonlinear,365,100,0.5,0.6435394297436926,28.70788594873852,1.0,0.7
P5,1,4,20,61,0.8969190015313269,0.459305055470842,nonlinear,365,100,0.5,0.6416477711685986,28.329554233719723,1.0,0.7
P5,1,4,21,62,0.8969190015313269,0.459305055470842,nonlinear,365,100,0.5,0.652497124849489,30.49942496989779,1.0,0.7
P5,1,4,22,63,0.8969190015313269,0.459305055470842,nonlinear,365,100,0.5,0.6432935038946713,28.658700778934264,1.0,0.7
P5,1,4,23,64,0.8969190015313269,0.459305055470842,nonlinear,365,100,0.5,0.6388674270663042,27.773485413260836,1.0,0.7
P5,1,4,24,65,0.8969190015313269,0.459305055470842,nonlinear,365,100,0.5,0.6467954873395744,29.359097467914875,1.0,0.7
P5,1,4,25,66,0.8969190015313269,0.459305055470842,nonlinear,365,100,0.5,0.6468144166252916,29.36288332505832,1.0,0.7
P5,1,4,26,67,0.8969190015313269,0.459305055470842,nonlinear,365,100,0.5,0.6478595875249296,29.57191750498591,1.0,0.7
P5,1,4,27,68,0.8969190015313269,0.459305055470842,nonlinear,365,100,0.5,0.6499155211862493,29.983104237249858,1.0,0.7
P5,1,4,28,69,0.8969190015313269,0.459305055470842,nonlinear,365,100,0.5,0.6492655671483452,29.85311342966903,1.0,0.7
P5,1,4,29,70,0.8969190015313269,0.459305055470842,nonlinear,365,100,0.5,0.6488456655291134,29.769133105822675,1.0,0.7
P5,1,4,30,71,0.8969190015313269,0.459305055470842,nonlinear,365,100,0.5,0.640892083845722,28.17841676914441,1.0,0.7
P6,0,5,1,42,1.0,0.2,nonlinear,365,100,0.5,0.5957045212929356,19.14090425858712,1.0,0.7
P6,0,5,2,43,1.0,0.2,nonlinear,365,100,0.5,0.5924308138221568,18.486162764431356,1.0,0.7
P6,0,5,3,44,1.0,0.2,nonlinear,365,100,0.5,0.5968537374156803,19.370747483136054,1.0,0.7
P6,0,5,4,45,1.0,0.2,nonlinear,365,100,0.5,0.5951141298285436,19.022825965708723,1.0,0.7
P6,0,5,5,46,1.0,0.2,nonlinear,365,100,0.5,0.5981457970907732,19.62915941815464,1.0,0.7
P6,0,5,6,47,1.0,0.2,nonlinear,365,100,0.5,0.5979499396386273,19.58998792772546,1.0,0.7
P6,0,5,7,48,1.0,0.2,nonlinear,365,100,0.5,0.5942296090252669,18.84592180505338,1.0,0.7
P6,0,5,8,49,1.0,0.2,nonlinear,365,100,0.5,0.5952260932654375,19.045218653087503,1.0,0.7
P6,0,5,9,50,1.0,0.2,nonlinear,365,100,0.5,0.5905075235331467,18.101504706629346,1.0,0.7
P6,0,5,10,51,1.0,0.2,nonlinear,365,100,0.5,0.5946437702764664,18.928754055293282,1.0,0.7
P6,0,5,11,52,1.0,0.2,nonlinear,365,100,0.5,0.5978192883420581,19.56385766841162,1.0,0.7
P6,0,5,12,53,1.0,0.2,nonlinear,365,100,0.5,0.598530880564615,19.706176112923004,1.0,0.7
P6,0,5,13,54,1.0,0.2,nonlinear,365,100,0.5,0.5972414749159376,19.44829498318752,1.0,0.7
P6,0,5,14,55,1.0,0.2,nonlinear,365,100,0.5,0.5959716665758584,19.194333315171686,1.0,0.7
P6,0,5,15,56,1.0,0.2,nonlinear,365,100,0.5,0.5961706526001519,19.23413052003038,1.0,0.7
P6,0,5,16,57,1.0,0.2,nonlinear,365,100,0.5,0.5958937993253143,19.178759865062855,1.0,0.7
P6,0,5,17,58,1.0,0.2,nonlinear,365,100,0.5,0.5949037444349365,18.980748886987307,1.0,0.7
P6,0,5,18,59,1.0,0.2,nonlinear,365,100,0.5,0.5975658266133947,19.51316532267895,1.0,0.7
P6,0,5,19,60,1.0,0.2,nonlinear,365,100,0.5,0.5948107950445887,18.962159008917734,1.0,0.7
P6,0,5,20,61,1.0,0.2,nonlinear,365,100,0.5,0.5936661588094244,18.733231761884884,1.0,0.7
P6,0,5,21,62,1.0,0.2,nonlinear,365,100,0.5,0.6059921686920655,21.1984337384131,1.0,0.7
P6,0,5,22,63,1.0,0.2,nonlinear,365,100,0.5,0.595752861778804,19.150572355760808,1.0,0.7
P6,0,5,23,64,1.0,0.2,nonlinear,365,100,0.5,0.5886165189018957,17.72330378037914,1.0,0.7
P6,0,5,24,65,1.0,0.2,nonlinear,365,100,0.5,0.5965704209800831,19.314084196016612,1.0,0.7
P6,0,5,25,66,1.0,0.2,nonlinear,365,100,0.5,0.5996425936736045,19.928518734720903,1.0,0.7
P6,0,5,26,67,1.0,0.2,nonlinear,365,100,0.5,0.5994922338239032,19.89844676478063,1.0,0.7
P6,0,5,27,68,1.0,0.2,nonlinear,365,100,0.5,0.6004239148496318,20.08478296992635,1.0,0.7
P6,0,5,28,69,1.0,0.2,nonlinear,365,100,0.5,0.6000482412452885,20.00964824905771,1.0,0.7
P6,0,5,29,70,1.0,0.2,nonlinear,365,100,0.5,0.6018213304389458,20.36426608778916,1.0,0.7
P6,0,5,30,71,1.0,0.2,nonlinear,365,100,0.5,0.5910560001869407,18.211200037388142,1.0,0.7
P1,5,0,1,42,0.2,1.0,nonlinear,365,100,0.5,0.6889736378220522,37.794727564410444,2.0,0.3
P1,5,0,2,43,0.2,1.0,nonlinear,365,100,0.5,0.6918996779964706,38.379935599294114,2.0,0.3
P1,5,0,3,44,0.2,1.0,nonlinear,365,100,0.5,0.690888280930465,38.17765618609299,2.0,0.3
P1,5,0,4,45,0.2,1.0,nonlinear,365,100,0.5,0.6929665591702927,38.59331183405854,2.0,0.3
P1,5,0,5,46,0.2,1.0,nonlinear,365,100,0.5,0.6922323961266099,38.44647922532198,2.0,0.3
P1,5,0,6,47,0.2,1.0,nonlinear,365,100,0.5,0.6934548646434143,38.69097292868287,2.0,0.3
P1,5,0,7,48,0.2,1.0,nonlinear,365,100,0.5,0.6911629271725501,38.23258543451003,2.0,0.3
P1,5,0,8,49,0.2,1.0,nonlinear,365,100,0.5,0.6946972263915329,38.93944527830657,2.0,0.3
P1,5,0,9,50,0.2,1.0,nonlinear,365,100,0.5,0.6909463489827055,38.18926979654109,2.0,0.3
P1,5,0,10,51,0.2,1.0,nonlinear,365,100,0.5,0.6933530506492804,38.67061012985609,2.0,0.3
P1,5,0,11,52,0.2,1.0,nonlinear,365,100,0.5,0.6949488422122617,38.989768442452345,2.0,0.3
P1,5,0,12,53,0.2,1.0,nonlinear,365,100,0.5,0.6924405455783834,38.488109115676686,2.0,0.3
P1,5,0,13,54,0.2,1.0,nonlinear,365,100,0.5,0.6929623844201651,38.59247688403302,2.0,0.3
P1,5,0,14,55,0.2,1.0,nonlinear,365,100,0.5,0.6935448230618201,38.708964612364014,2.0,0.3
P1,5,0,15,56,0.2,1.0,nonlinear,365,100,0.5,0.6954939621083184,39.098792421663674,2.0,0.3
P1,5,0,16,57,0.2,1.0,nonlinear,365,100,0.5,0.68873847746397,37.747695492793994,2.0,0.3
P1,5,0,17,58,0.2,1.0,nonlinear,365,100,0.5,0.6968066914920398,39.36133829840796,2.0,0.3
P1,5,0,18,59,0.2,1.0,nonlinear,365,100,0.5,0.6910330418505457,38.20660837010914,2.0,0.3
P1,5,0,19,60,0.2,1.0,nonlinear,365,100,0.5,0.6918074701368152,38.361494027363044,2.0,0.3
P1,5,0,20,61,0.2,1.0,nonlinear,365,100,0.5,0.6872843475508059,37.456869510161184,2.0,0.3
P1,5,0,21,62,0.2,1.0,nonlinear,365,100,0.5,0.6941539121316267,38.83078242632534,2.0,0.3
P1,5,0,22,63,0.2,1.0,nonlinear,365,100,0.5,0.6878730583423711,37.57461166847422,2.0,0.3
P1,5,0,23,64,0.2,1.0,nonlinear,365,100,0.5,0.6909930052953448,38.19860105906896,2.0,0.3
P1,5,0,24,65,0.2,1.0,nonlinear,365,100,0.5,0.6975078016414115,39.501560328282295,2.0,0.3
P1,5,0,25,66,0.2,1.0,nonlinear,365,100,0.5,0.6894618657644402,37.89237315288805,2.0,0.3
P1,5,0,26,67,0.2,1.0,nonlinear,365,100,0.5,0.6947360282762371,38.94720565524743,2.0,0.3
P1,5,0,27,68,0.2,1.0,nonlinear,365,100,0.5,0.6990262022047495,39.80524044094991,2.0,0.3
P1,5,0,28,69,0.2,1.0,nonlinear,365,100,0.5,0.6987806855075079,39.75613710150159,2.0,0.3
P1,5,0,29,70,0.2,1.0,nonlinear,365,100,0.5,0.6915003835989488,38.300076719789764,2.0,0.3
P1,5,0,30,71,0.2,1.0,nonlinear,365,100,0.5,0.692112359702659,38.42247194053181,2.0,0.3
P2,4,1,1,42,0.5050245465765446,0.9481987582580971,nonlinear,365,100,0.5,0.7127666589503653,42.55333179007306,2.0,0.3
P2,4,1,2,43,0.5050245465765446,0.9481987582580971,nonlinear,365,100,0.5,0.714944648799085,42.988929759817005,2.0,0.3
P2,4,1,3,44,0.5050245465765446,0.9481987582580971,nonlinear,365,100,0.5,0.7143562859063929,42.87125718127858,2.0,0.3
P2,4,1,4,45,0.5050245465765446,0.9481987582580971,nonlinear,365,100,0.5,0.7164295657682066,43.28591315364132,2.0,0.3
P2,4,1,5,46,0.5050245465765446,0.9481987582580971,nonlinear,365,100,0.5,0.715548370217959,43.10967404359181,2.0,0.3
P2,4,1,6,47,0.5050245465765446,0.9481987582580971,nonlinear,365,100,0.5,0.7171343036205082,43.426860724101644,2.0,0.3
P2,4,1,7,48,0.5050245465765446,0.9481987582580971,nonlinear,365,100,0.5,0.7143323629349577,42.86647258699154,2.0,0.3
P2,4,1,8,49,0.5050245465765446,0.9481987582580971,nonlinear,365,100,0.5,0.7171500446986968,43.43000893973936,2.0,0.3
P2,4,1,9,50,0.5050245465765446,0.9481987582580971,nonlinear,365,100,0.5,0.713239667582439,42.64793351648779,2.0,0.3
P2,4,1,10,51,0.5050245465765446,0.9481987582580971,nonlinear,365,100,0.5,0.7174126033798104,43.48252067596208,2.0,0.3
P2,4,1,11,52,0.5050245465765446,0.9481987582580971,nonlinear,365,100,0.5,0.7183715539692505,43.67431079385009,2.0,0.3
P2,4,1,12,53,0.5050245465765446,0.9481987582580971,nonlinear,365,100,0.5,0.7163190156735662,43.26380313471323,2.0,0.3
P2,4,1,13,54,0.5050245465765446,0.9481987582580971,nonlinear,365,100,0.5,0.7164618849295818,43.29237698591637,2.0,0.3
P2,4,1,14,55,0.5050245465765446,0.9481987582580971,nonlinear,365,100,0.5,0.7169250594188564,43.385011883771284,2.0,0.3
P2,4,1,15,56,0.5050245465765446,0.9481987582580971,nonlinear,365,100,0.5,0.7181084329451092,43.621686589021834,2.0,0.3
P2,4,1,16,57,0.5050245465765446,0.9481987582580971,nonlinear,365,100,0.5,0.7126398692994095,42.5279738598819,2.0,0.3
P2,4,1,17,58,0.5050245465765446,0.9481987582580971,nonlinear,365,100,0.5,0.7189892763988394,43.79785527976787,2.0,0.3
P2,4,1,18,59,0.5050245465765446,0.9481987582580971,nonlinear,365,100,0.5,0.7150025590434489,43.00051180868978,2.0,0.3
P2,4,1,19,60,0.5050245465765446,0.9481987582580971,nonlinear,365,100,0.5,0.7147663759214654,42.953275184293084,2.0,0.3
P2,4,1,20,61,0.5050245465765446,0.9481987582580971,nonlinear,365,100,0.5,0.7111158196936876,42.22316393873753,2.0,0.3
P2,4,1,21,62,0.5050245465765446,0.9481987582580971,nonlinear,365,100,0.5,0.7189967743756227,43.79935487512454,2.0,0.3
P2,4,1,22,63,0.5050245465765446,0.9481987582580971,nonlinear,365,100,0.5,0.7119040810778062,42.38081621556125,2.0,0.3
P2,4,1,23,64,0.5050245465765446,0.9481987582580971,nonlinear,365,100,0.5,0.7131142469628315,42.62284939256631,2.0,0.3
P2,4,1,24,65,0.5050245465765446,0.9481987582580971,nonlinear,365,100,0.5,0.7205882630580367,44.11765261160734,2.0,0.3
P2,4,1,25,66,0.5050245465765446,0.9481987582580971,nonlinear,365,100,0.5,0.7143724500633498,42.874490012669966,2.0,0.3
P2,4,1,26,67,0.5050245465765446,0.9481987582580971,nonlinear,365,100,0.5,0.7182507822515328,43.65015645030657,2.0,0.3
P2,4,1,27,68,0.5050245465765446,0.9481987582580971,nonlinear,365,100,0.5,0.7223309371917187,44.46618743834374,2.0,0.3
P2,4,1,28,69,0.5050245465765446,0.9481987582580971,nonlinear,365,100,0.5,0.721503305192003,44.300661038400605,2.0,0.3
P2,4,1,29,70,0.5050245465765446,0.9481987582580971,nonlinear,365,100,0.5,0.7162256625770772,43.24513251541544,2.0,0.3
P2,4,1,30,71,0.5050245465765446,0.9481987582580971,nonlinear,365,100,0.5,0.7143882501249974,42.87765002499948,2.0,0.3
P3,3,2,1,42,0.7094886146797341,0.8863337603552759,nonlinear,365,100,0.5,0.7208620918733503,44.17241837467005,2.0,0.3
P3,3,2,2,43,0.7094886146797341,0.8863337603552759,nonlinear,365,100,0.5,0.7224283785658538,44.48567571317077,2.0,0.3
P3,3,2,3,44,0.7094886146797341,0.8863337603552759,nonlinear,365,100,0.5,0.7222888047998549,44.45776095997098,2.0,0.3
P3,3,2,4,45,0.7094886146797341,0.8863337603552759,nonlinear,365,100,0.5,0.724168065489268,44.83361309785361,2.0,0.3
P3,3,2,5,46,0.7094886146797341,0.8863337603552759,nonlinear,365,100,0.5,0.7234096176961473,44.68192353922946,2.0,0.3
P3,3,2,6,47,0.7094886146797341,0.8863337603552759,nonlinear,365,100,0.5,0.7250765132916455,45.01530265832909,2.0,0.3
P3,3,2,7,48,0.7094886146797341,0.8863337603552759,nonlinear,365,100,0.5,0.7219890637483941,44.39781274967882,2.0,0.3
P3,3,2,8,49,0.7094886146797341,0.8863337603552759,nonlinear,365,100,0.5,0.7243618853761975,44.8723770752395,2.0,0.3
P3,3,2,9,50,0.7094886146797341,0.8863337603552759,nonlinear,365,100,0.5,0.7203465709301371,44.06931418602742,2.0,0.3
P3,3,2,10,51,0.7094886146797341,0.8863337603552759,nonlinear,365,100,0.5,0.7253610035209247,45.07220070418494,2.0,0.3
P3,3,2,11,52,0.7094886146797341,0.8863337603552759,nonlinear,365,100,0.5,0.72611227825854,45.222455651707996,2.0,0.3
P3,3,2,12,53,0.7094886146797341,0.8863337603552759,nonlinear,365,100,0.5,0.7244436862727196,44.88873725454392,2.0,0.3
P3,3,2,13,54,0.7094886146797341,0.8863337603552759,nonlinear,365,100,0.5,0.7243316037694237,44.86632075388475,2.0,0.3
P3,3,2,14,55,0.7094886146797341,0.8863337603552759,nonlinear,365,100,0.5,0.7246393402125479,44.92786804250959,2.0,0.3
P3,3,2,15,56,0.7094886146797341,0.8863337603552759,nonlinear,365,100,0.5,0.7254003216627739,45.080064332554784,2.0,0.3
P3,3,2,16,57,0.7094886146797341,0.8863337603552759,nonlinear,365,100,0.5,0.7208253559588021,44.16507119176043,2.0,0.3
P3,3,2,17,58,0.7094886146797341,0.8863337603552759,nonlinear,365,100,0.5,0.7259639784419929,45.192795688398576,2.0,0.3
P3,3,2,18,59,0.7094886146797341,0.8863337603552759,nonlinear,365,100,0.5,0.7231692630024814,44.63385260049628,2.0,0.3
P3,3,2,19,60,0.7094886146797341,0.8863337603552759,nonlinear,365,100,0.5,0.7223227480093183,44.46454960186366,2.0,0.3
P3,3,2,20,61,0.7094886146797341,0.8863337603552759,nonlinear,365,100,0.5,0.7192390306162758,43.84780612325516,2.0,0.3
P3,3,2,21,62,0.7094886146797341,0.8863337603552759,nonlinear,365,100,0.5,0.7277845996376894,45.556919927537876,2.0,0.3
P3,3,2,22,63,0.7094886146797341,0.8863337603552759,nonlinear,365,100,0.5,0.7201785871605825,44.03571743211649,2.0,0.3
P3,3,2,23,64,0.7094886146797341,0.8863337603552759,nonlinear,365,100,0.5,0.7200592244703578,44.01184489407155,2.0,0.3
P3,3,2,24,65,0.7094886146797341,0.8863337603552759,nonlinear,365,100,0.5,0.7280135089118398,45.60270178236796,2.0,0.3
P3,3,2,25,66,0.7094886146797341,0.8863337603552759,nonlinear,365,100,0.5,0.7231370523674848,44.627410473496965,2.0,0.3
P3,3,2,26,67,0.7094886146797341,0.8863337603552759,nonlinear,365,100,0.5,0.726119133099239,45.223826619847806,2.0,0.3
P3,3,2,27,68,0.7094886146797341,0.8863337603552759,nonlinear,365,100,0.5,0.7299504714447692,45.99009428895384,2.0,0.3
P3,3,2,28,69,0.7094886146797341,0.8863337603552759,nonlinear,365,100,0.5,0.7288553867455156,45.77107734910313,2.0,0.3
P3,3,2,29,70,0.7094886146797341,0.8863337603552759,nonlinear,365,100,0.5,0.7249000437223821,44.98000874447643,2.0,0.3
P3,3,2,30,71,0.7094886146797341,0.8863337603552759,nonlinear,365,100,0.5,0.7214612027104841,44.29224054209682,2.0,0.3
P4,2,3,1,42,0.8465449782232979,0.8077262343458991,nonlinear,365,100,0.5,0.7175384505032518,43.507690100650365,2.0,0.3
P4,2,3,2,43,0.8465449782232979,0.8077262343458991,nonlinear,365,100,0.5,0.7184874394705996,43.69748789411992,2.0,0.3
P4,2,3,3,44,0.8465449782232979,0.8077262343458991,nonlinear,365,100,0.5,0.7188715960585446,43.774319211708914,2.0,0.3
P4,2,3,4,45,0.8465449782232979,0.8077262343458991,nonlinear,365,100,0.5,0.720414884457787,44.0829768915574,2.0,0.3
P4,2,3,5,46,0.8465449782232979,0.8077262343458991,nonlinear,365,100,0.5,0.7199664730037464,43.99329460074928,2.0,0.3
P4,2,3,6,47,0.8465449782232979,0.8077262343458991,nonlinear,365,100,0.5,0.7215509509577662,44.31019019155325,2.0,0.3
P4,2,3,7,48,0.8465449782232979,0.8077262343458991,nonlinear,365,100,0.5,0.7182774739898499,43.65549479796997,2.0,0.3
P4,2,3,8,49,0.8465449782232979,0.8077262343458991,nonlinear,365,100,0.5,0.7203327455428767,44.066549108575344,2.0,0.3
P4,2,3,9,50,0.8465449782232979,0.8077262343458991,nonlinear,365,100,0.5,0.7162222167235931,43.24444334471862,2.0,0.3
P4,2,3,10,51,0.8465449782232979,0.8077262343458991,nonlinear,365,100,0.5,0.7216040437170641,44.32080874341282,2.0,0.3
P4,2,3,11,52,0.8465449782232979,0.8077262343458991,nonlinear,365,100,0.5,0.7224039167056254,44.48078334112508,2.0,0.3
P4,2,3,12,53,0.8465449782232979,0.8077262343458991,nonlinear,365,100,0.5,0.7210951309832266,44.21902619664533,2.0,0.3
P4,2,3,13,54,0.8465449782232979,0.8077262343458991,nonlinear,365,100,0.5,0.7207761854893594,44.15523709787188,2.0,0.3
P4,2,3,14,55,0.8465449782232979,0.8077262343458991,nonlinear,365,100,0.5,0.7208977033412853,44.17954066825707,2.0,0.3
P4,2,3,15,56,0.8465449782232979,0.8077262343458991,nonlinear,365,100,0.5,0.7214044590779438,44.28089181558876,2.0,0.3
P4,2,3,16,57,0.8465449782232979,0.8077262343458991,nonlinear,365,100,0.5,0.7175710665699593,43.51421331399186,2.0,0.3
P4,2,3,17,58,0.8465449782232979,0.8077262343458991,nonlinear,365,100,0.5,0.7216878630090742,44.337572601814834,2.0,0.3
P4,2,3,18,59,0.8465449782232979,0.8077262343458991,nonlinear,365,100,0.5,0.719854831201866,43.9709662403732,2.0,0.3
P4,2,3,19,60,0.8465449782232979,0.8077262343458991,nonlinear,365,100,0.5,0.7185729580333376,43.71459160666753,2.0,0.3
P4,2,3,20,61,0.8465449782232979,0.8077262343458991,nonlinear,365,100,0.5,0.7159141132710455,43.1828226542091,2.0,0.3
P4,2,3,21,62,0.8465449782232979,0.8077262343458991,nonlinear,365,100,0.5,0.7250276353917253,45.00552707834507,2.0,0.3
P4,2,3,22,63,0.8465449782232979,0.8077262343458991,nonlinear,365,100,0.5,0.7170004155435987,43.40008310871974,2.0,0.3
P4,2,3,23,64,0.8465449782232979,0.8077262343458991,nonlinear,365,100,0.5,0.7157513328452887,43.150266569057735,2.0,0.3
P4,2,3,24,65,0.8465449782232979,0.8077262343458991,nonlinear,365,100,0.5,0.7239483634302872,44.78967268605744,2.0,0.3
P4,2,3,25,66,0.8465449782232979,0.8077262343458991,nonlinear,365,100,0.5,0.7202685558806726,44.05371117613453,2.0,0.3
P4,2,3,26,67,0.8465449782232979,0.8077262343458991,nonlinear,365,100,0.5,0.722582716231416,44.516543246283206,2.0,0.3
P4,2,3,27,68,0.8465449782232979,0.8077262343458991,nonlinear,365,100,0.5,0.7261006508399108,45.22013016798216,2.0,0.3
P4,2,3,28,69,0.8465449782232979,0.8077262343458991,nonlinear,365,100,0.5,0.724913805894768,44.98276117895359,2.0,0.3
P4,2,3,29,70,0.8465449782232979,0.8077262343458991,nonlinear,365,100,0.5,0.7220055745089161,44.401114901783224,2.0,0.3
P4,2,3,30,71,0.8465449782232979,0.8077262343458991,nonlinear,365,100,0.5,0.7172828804023332,43.45657608046665,2.0,0.3
P5,1,4,1,42,0.9384166061432972,0.6936270901760078,nonlinear,365,100,0.5,0.7016443113788482,40.32886227576964,2.0,0.3
P5,1,4,2,43,0.9384166061432972,0.6936270901760078,nonlinear,365,100,0.5,0.701798102249596,40.359620449919205,2.0,0.3
P5,1,4,3,44,0.9384166061432972,0.6936270901760078,nonlinear,365,100,0.5,0.7029124195456903,40.582483909138055,2.0,0.3
P5,1,4,4,45,0.9384166061432972,0.6936270901760078,nonlinear,365,100,0.5,0.7039056303852775,40.781126077055504,2.0,0.3
P5,1,4,5,46,0.9384166061432972,0.6936270901760078,nonlinear,365,100,0.5,0.7040172046130034,40.803440922600686,2.0,0.3
P5,1,4,6,47,0.9384166061432972,0.6936270901760078,nonlinear,365,100,0.5,0.7053542231670766,41.07084463341533,2.0,0.3
P5,1,4,7,48,0.9384166061432972,0.6936270901760078,nonlinear,365,100,0.5,0.7019320351229037,40.38640702458074,2.0,0.3
P5,1,4,8,49,0.9384166061432972,0.6936270901760078,nonlinear,365,100,0.5,0.7037060937269835,40.741218745396694,2.0,0.3
P5,1,4,9,50,0.9384166061432972,0.6936270901760078,nonlinear,365,100,0.5,0.6994767509310464,39.895350186209285,2.0,0.3
P5,1,4,10,51,0.9384166061432972,0.6936270901760078,nonlinear,365,100,0.5,0.7049012494429976,40.980249888599516,2.0,0.3
P5,1,4,11,52,0.9384166061432972,0.6936270901760078,nonlinear,365,100,0.5,0.7059992696585218,41.199853931704354,2.0,0.3
P5,1,4,12,53,0.9384166061432972,0.6936270901760078,nonlinear,365,100,0.5,0.705107212600892,41.02144252017841,2.0,0.3
P5,1,4,13,54,0.9384166061432972,0.6936270901760078,nonlinear,365,100,0.5,0.7045709035355641,40.91418070711281,2.0,0.3
P5,1,4,14,55,0.9384166061432972,0.6936270901760078,nonlinear,365,100,0.5,0.7044372556767967,40.88745113535934,2.0,0.3
P5,1,4,15,56,0.9384166061432972,0.6936270901760078,nonlinear,365,100,0.5,0.7047767584086728,40.95535168173456,2.0,0.3
P5,1,4,16,57,0.9384166061432972,0.6936270901760078,nonlinear,365,100,0.5,0.7017328295544739,40.34656591089478,2.0,0.3
P5,1,4,17,58,0.9384166061432972,0.6936270901760078,nonlinear,365,100,0.5,0.7047409851148118,40.948197022962354,2.0,0.3
P5,1,4,18,59,0.9384166061432972,0.6936270901760078,nonlinear,365,100,0.5,0.7039142802669709,40.78285605339418,2.0,0.3
P5,1,4,19,60,0.9384166061432972,0.6936270901760078,nonlinear,365,100,0.5,0.7022388245399915,40.447764907998305,2.0,0.3
P5,1,4,20,61,0.9384166061432972,0.6936270901760078,nonlinear,365,100,0.5,0.699975720400641,39.995144080128206,2.0,0.3
P5,1,4,21,62,0.9384166061432972,0.6936270901760078,nonlinear,365,100,0.5,0.7097450383312822,41.94900766625644,2.0,0.3
P5,1,4,22,63,0.9384166061432972,0.6936270901760078,nonlinear,365,100,0.5,0.7012487979095721,40.24975958191441,2.0,0.3
P5,1,4,23,64,0.9384166061432972,0.6936270901760078,nonlinear,365,100,0.5,0.6987499388638986,39.74998777277972,2.0,0.3
P5,1,4,24,65,0.9384166061432972,0.6936270901760078,nonlinear,365,100,0.5,0.7070438028338378,41.40876056676757,2.0,0.3
P5,1,4,25,66,0.9384166061432972,0.6936270901760078,nonlinear,365,100,0.5,0.7047478312965992,40.949566259319845,2.0,0.3
P5,1,4,26,67,0.9384166061432972,0.6936270901760078,nonlinear,365,100,0.5,0.7064380612878699,41.28761225757398,2.0,0.3
P5,1,4,27,68,0.9384166061432972,0.6936270901760078,nonlinear,365,100,0.5,0.7094982111951905,41.8996422390381,2.0,0.3
P5,1,4,28,69,0.9384166061432972,0.6936270901760078,nonlinear,365,100,0.5,0.7083587146275447,41.67174292550895,2.0,0.3
P5,1,4,29,70,0.9384166061432972,0.6936270901760078,nonlinear,365,100,0.5,0.7065203914213078,41.30407828426157,2.0,0.3
P5,1,4,30,71,0.9384166061432972,0.6936270901760078,nonlinear,365,100,0.5,0.7004491882094092,40.08983764188183,2.0,0.3
P6,0,5,1,42,1.0,0.2,nonlinear,365,100,0.5,0.5957045212929356,19.14090425858712,2.0,0.3
P6,0,5,2,43,1.0,0.2,nonlinear,365,100,0.5,0.5924308138221568,18.486162764431356,2.0,0.3
P6,0,5,3,44,1.0,0.2,nonlinear,365,100,0.5,0.5968537374156803,19.370747483136054,2.0,0.3
P6,0,5,4,45,1.0,0.2,nonlinear,365,100,0.5,0.5951141298285436,19.022825965708723,2.0,0.3
P6,0,5,5,46,1.0,0.2,nonlinear,365,100,0.5,0.5981457970907732,19.62915941815464,2.0,0.3
P6,0,5,6,47,1.0,0.2,nonlinear,365,100,0.5,0.5979499396386273,19.58998792772546,2.0,0.3
P6,0,5,7,48,1.0,0.2,nonlinear,365,100,0.5,0.5942296090252669,18.84592180505338,2.0,0.3
P6,0,5,8,49,1.0,0.2,nonlinear,365,100,0.5,0.5952260932654375,19.045218653087503,2.0,0.3
P6,0,5,9,50,1.0,0.2,nonlinear,365,100,0.5,0.5905075235331467,18.101504706629346,2.0,0.3
P6,0,5,10,51,1.0,0.2,nonlinear,365,100,0.5,0.5946437702764664,18.928754055293282,2.0,0.3
P6,0,5,11,52,1.0,0.2,nonlinear,365,100,0.5,0.5978192883420581,19.56385766841162,2.0,0.3
P6,0,5,12,53,1.0,0.2,nonlinear,365,100,0.5,0.598530880564615,19.706176112923004,2.0,0.3
P6,0,5,13,54,1.0,0.2,nonlinear,365,100,0.5,0.5972414749159376,19.44829498318752,2.0,0.3
P6,0,5,14,55,1.0,0.2,nonlinear,365,100,0.5,0.5959716665758584,19.194333315171686,2.0,0.3
P6,0,5,15,56,1.0,0.2,nonlinear,365,100,0.5,0.5961706526001519,19.23413052003038,2.0,0.3
P6,0,5,16,57,1.0,0.2,nonlinear,365,100,0.5,0.5958937993253143,19.178759865062855,2.0,0.3
P6,0,5,17,58,1.0,0.2,nonlinear,365,100,0.5,0.5949037444349365,18.980748886987307,2.0,0.3
P6,0,5,18,59,1.0,0.2,nonlinear,365,100,0.5,0.5975658266133947,19.51316532267895,2.0,0.3
P6,0,5,19,60,1.0,0.2,nonlinear,365,100,0.5,0.5948107950445887,18.962159008917734,2.0,0.3
P6,0,5,20,61,1.0,0.2,nonlinear,365,100,0.5,0.5936661588094244,18.733231761884884,2.0,0.3
P6,0,5,21,62,1.0,0.2,nonlinear,365,100,0.5,0.6059921686920655,21.1984337384131,2.0,0.3
P6,0,5,22,63,1.0,0.2,nonlinear,365,100,0.5,0.595752861778804,19.150572355760808,2.0,0.3
P6,0,5,23,64,1.0,0.2,nonlinear,365,100,0.5,0.5886165189018957,17.72330378037914,2.0,0.3
P6,0,5,24,65,1.0,0.2,nonlinear,365,100,0.5,0.5965704209800831,19.314084196016612,2.0,0.3
P6,0,5,25,66,1.0,0.2,nonlinear,365,100,0.5,0.5996425936736045,19.928518734720903,2.0,0.3
P6,0,5,26,67,1.0,0.2,nonlinear,365,100,0.5,0.5994922338239032,19.89844676478063,2.0,0.3
P6,0,5,27,68,1.0,0.2,nonlinear,365,100,0.5,0.6004239148496318,20.08478296992635,2.0,0.3
P6,0,5,28,69,1.0,0.2,nonlinear,365,100,0.5,0.6000482412452885,20.00964824905771,2.0,0.3
P6,0,5,29,70,1.0,0.2,nonlinear,365,100,0.5,0.6018213304389458,20.36426608778916,2.0,0.3
P6,0,5,30,71,1.0,0.2,nonlinear,365,100,0.5,0.5910560001869407,18.211200037388142,2.0,0.3
P1,5,0,1,42,0.2,1.0,nonlinear,365,100,0.5,0.6889736378220522,37.794727564410444,2.0,0.5
P1,5,0,2,43,0.2,1.0,nonlinear,365,100,0.5,0.6918996779964706,38.379935599294114,2.0,0.5
P1,5,0,3,44,0.2,1.0,nonlinear,365,100,0.5,0.690888280930465,38.17765618609299,2.0,0.5
P1,5,0,4,45,0.2,1.0,nonlinear,365,100,0.5,0.6929665591702927,38.59331183405854,2.0,0.5
P1,5,0,5,46,0.2,1.0,nonlinear,365,100,0.5,0.6922323961266099,38.44647922532198,2.0,0.5
P1,5,0,6,47,0.2,1.0,nonlinear,365,100,0.5,0.6934548646434143,38.69097292868287,2.0,0.5
P1,5,0,7,48,0.2,1.0,nonlinear,365,100,0.5,0.6911629271725501,38.23258543451003,2.0,0.5
P1,5,0,8,49,0.2,1.0,nonlinear,365,100,0.5,0.6946972263915329,38.93944527830657,2.0,0.5
P1,5,0,9,50,0.2,1.0,nonlinear,365,100,0.5,0.6909463489827055,38.18926979654109,2.0,0.5
P1,5,0,10,51,0.2,1.0,nonlinear,365,100,0.5,0.6933530506492804,38.67061012985609,2.0,0.5
P1,5,0,11,52,0.2,1.0,nonlinear,365,100,0.5,0.6949488422122617,38.989768442452345,2.0,0.5
P1,5,0,12,53,0.2,1.0,nonlinear,365,100,0.5,0.6924405455783834,38.488109115676686,2.0,0.5
P1,5,0,13,54,0.2,1.0,nonlinear,365,100,0.5,0.6929623844201651,38.59247688403302,2.0,0.5
P1,5,0,14,55,0.2,1.0,nonlinear,365,100,0.5,0.6935448230618201,38.708964612364014,2.0,0.5
P1,5,0,15,56,0.2,1.0,nonlinear,365,100,0.5,0.6954939621083184,39.098792421663674,2.0,0.5
P1,5,0,16,57,0.2,1.0,nonlinear,365,100,0.5,0.68873847746397,37.747695492793994,2.0,0.5
P1,5,0,17,58,0.2,1.0,nonlinear,365,100,0.5,0.6968066914920398,39.36133829840796,2.0,0.5
P1,5,0,18,59,0.2,1.0,nonlinear,365,100,0.5,0.6910330418505457,38.20660837010914,2.0,0.5
P1,5,0,19,60,0.2,1.0,nonlinear,365,100,0.5,0.6918074701368152,38.361494027363044,2.0,0.5
P1,5,0,20,61,0.2,1.0,nonlinear,365,100,0.5,0.6872843475508059,37.456869510161184,2.0,0.5
P1,5,0,21,62,0.2,1.0,nonlinear,365,100,0.5,0.6941539121316267,38.83078242632534,2.0,0.5
P1,5,0,22,63,0.2,1.0,nonlinear,365,100,0.5,0.6878730583423711,37.57461166847422,2.0,0.5
P1,5,0,23,64,0.2,1.0,nonlinear,365,100,0.5,0.6909930052953448,38.19860105906896,2.0,0.5
P1,5,0,24,65,0.2,1.0,nonlinear,365,100,0.5,0.6975078016414115,39.501560328282295,2.0,0.5
P1,5,0,25,66,0.2,1.0,nonlinear,365,100,0.5,0.6894618657644402,37.89237315288805,2.0,0.5
P1,5,0,26,67,0.2,1.0,nonlinear,365,100,0.5,0.6947360282762371,38.94720565524743,2.0,0.5
P1,5,0,27,68,0.2,1.0,nonlinear,365,100,0.5,0.6990262022047495,39.80524044094991,2.0,0.5
P1,5,0,28,69,0.2,1.0,nonlinear,365,100,0.5,0.6987806855075079,39.75613710150159,2.0,0.5
P1,5,0,29,70,0.2,1.0,nonlinear,365,100,0.5,0.6915003835989488,38.300076719789764,2.0,0.5
P1,5,0,30,71,0.2,1.0,nonlinear,365,100,0.5,0.692112359702659,38.42247194053181,2.0,0.5
P2,4,1,1,42,0.5050245465765446,0.9155417527999328,nonlinear,365,100,0.5,0.7049805295770347,40.99610591540694,2.0,0.5
P2,4,1,2,43,0.5050245465765446,0.9155417527999328,nonlinear,365,100,0.5,0.7069458961697446,41.389179233948916,2.0,0.5
P2,4,1,3,44,0.5050245465765446,0.9155417527999328,nonlinear,365,100,0.5,0.7065755573282655,41.315111465653096,2.0,0.5
P2,4,1,4,45,0.5050245465765446,0.9155417527999328,nonlinear,365,100,0.5,0.7084511430983728,41.69022861967455,2.0,0.5
P2,4,1,5,46,0.5050245465765446,0.9155417527999328,nonlinear,365,100,0.5,0.707787945064054,41.557589012810794,2.0,0.5
P2,4,1,6,47,0.5050245465765446,0.9155417527999328,nonlinear,365,100,0.5,0.7092457133802209,41.84914267604418,2.0,0.5
P2,4,1,7,48,0.5050245465765446,0.9155417527999328,nonlinear,365,100,0.5,0.7064493722126889,41.28987444253778,2.0,0.5
P2,4,1,8,49,0.5050245465765446,0.9155417527999328,nonlinear,365,100,0.5,0.7092228193273257,41.84456386546513,2.0,0.5
P2,4,1,9,50,0.5050245465765446,0.9155417527999328,nonlinear,365,100,0.5,0.7052883490707976,41.057669814159524,2.0,0.5
P2,4,1,10,51,0.5050245465765446,0.9155417527999328,nonlinear,365,100,0.5,0.7093143855607151,41.862877112143025,2.0,0.5
P2,4,1,11,52,0.5050245465765446,0.9155417527999328,nonlinear,365,100,0.5,0.7104391595644682,42.08783191289365,2.0,0.5
P2,4,1,12,53,0.5050245465765446,0.9155417527999328,nonlinear,365,100,0.5,0.7084882530874183,41.69765061748365,2.0,0.5
P2,4,1,13,54,0.5050245465765446,0.9155417527999328,nonlinear,365,100,0.5,0.7085951244936579,41.71902489873158,2.0,0.5
P2,4,1,14,55,0.5050245465765446,0.9155417527999328,nonlinear,365,100,0.5,0.708981120156769,41.79622403135379,2.0,0.5
P2,4,1,15,56,0.5050245465765446,0.9155417527999328,nonlinear,365,100,0.5,0.7101805746136313,42.036114922726256,2.0,0.5
P2,4,1,16,57,0.5050245465765446,0.9155417527999328,nonlinear,365,100,0.5,0.7048615840193893,40.97231680387785,2.0,0.5
P2,4,1,17,58,0.5050245465765446,0.9155417527999328,nonlinear,365,100,0.5,0.7109851169240824,42.197023384816475,2.0,0.5
P2,4,1,18,59,0.5050245465765446,0.9155417527999328,nonlinear,365,100,0.5,0.7071901945848665,41.438038916973305,2.0,0.5
P2,4,1,19,60,0.5050245465765446,0.9155417527999328,nonlinear,365,100,0.5,0.7069051038496288,41.381020769925755,2.0,0.5
P2,4,1,20,61,0.5050245465765446,0.9155417527999328,nonlinear,365,100,0.5,0.7033070558635452,40.66141117270905,2.0,0.5
P2,4,1,21,62,0.5050245465765446,0.9155417527999328,nonlinear,365,100,0.5,0.7113263288735142,42.26526577470284,2.0,0.5
P2,4,1,22,63,0.5050245465765446,0.9155417527999328,nonlinear,365,100,0.5,0.7041467402993481,40.829348059869616,2.0,0.5
P2,4,1,23,64,0.5050245465765446,0.9155417527999328,nonlinear,365,100,0.5,0.7050926110722731,41.01852221445461,2.0,0.5
P2,4,1,24,65,0.5050245465765446,0.9155417527999328,nonlinear,365,100,0.5,0.7125069808003879,42.501396160077576,2.0,0.5
P2,4,1,25,66,0.5050245465765446,0.9155417527999328,nonlinear,365,100,0.5,0.7066136105467523,41.322722109350465,2.0,0.5
P2,4,1,26,67,0.5050245465765446,0.9155417527999328,nonlinear,365,100,0.5,0.7103971413168032,42.07942826336064,2.0,0.5
P2,4,1,27,68,0.5050245465765446,0.9155417527999328,nonlinear,365,100,0.5,0.7143414185314979,42.86828370629958,2.0,0.5
P2,4,1,28,69,0.5050245465765446,0.9155417527999328,nonlinear,365,100,0.5,0.7135814798488888,42.716295969777754,2.0,0.5
P2,4,1,29,70,0.5050245465765446,0.9155417527999328,nonlinear,365,100,0.5,0.7085042975608579,41.700859512171576,2.0,0.5
P2,4,1,30,71,0.5050245465765446,0.9155417527999328,nonlinear,365,100,0.5,0.706407903105706,41.2815806211412,2.0,0.5
P3,3,2,1,42,0.7094886146797341,0.8196773353931868,nonlinear,365,100,0.5,0.7055053149127263,41.10106298254526,2.0,0.5
P3,3,2,2,43,0.7094886146797341,0.8196773353931868,nonlinear,365,100,0.5,0.7066422362568074,41.32844725136149,2.0,0.5
P3,3,2,3,44,0.7094886146797341,0.8196773353931868,nonlinear,365,100,0.5,0.7069342412611727,41.38684825223453,2.0,0.5
P3,3,2,4,45,0.7094886146797341,0.8196773353931868,nonlinear,365,100,0.5,0.7084329584644471,41.68659169288942,2.0,0.5
P3,3,2,5,46,0.7094886146797341,0.8196773353931868,nonlinear,365,100,0.5,0.7080908813505428,41.618176270108556,2.0,0.5
P3,3,2,6,47,0.7094886146797341,0.8196773353931868,nonlinear,365,100,0.5,0.7095215535018681,41.904310700373614,2.0,0.5
P3,3,2,7,48,0.7094886146797341,0.8196773353931868,nonlinear,365,100,0.5,0.7064271130310505,41.28542260621011,2.0,0.5
P3,3,2,8,49,0.7094886146797341,0.8196773353931868,nonlinear,365,100,0.5,0.7087110750628195,41.742215012563896,2.0,0.5
P3,3,2,9,50,0.7094886146797341,0.8196773353931868,nonlinear,365,100,0.5,0.7046409201447364,40.92818402894729,2.0,0.5
P3,3,2,10,51,0.7094886146797341,0.8196773353931868,nonlinear,365,100,0.5,0.709403122245313,41.880624449062594,2.0,0.5
P3,3,2,11,52,0.7094886146797341,0.8196773353931868,nonlinear,365,100,0.5,0.710466366216015,42.093273243203,2.0,0.5
P3,3,2,12,53,0.7094886146797341,0.8196773353931868,nonlinear,365,100,0.5,0.7089983633065403,41.799672661308065,2.0,0.5
P3,3,2,13,54,0.7094886146797341,0.8196773353931868,nonlinear,365,100,0.5,0.708806399972096,41.76127999441921,2.0,0.5
P3,3,2,14,55,0.7094886146797341,0.8196773353931868,nonlinear,365,100,0.5,0.7089641676705914,41.79283353411829,2.0,0.5
P3,3,2,15,56,0.7094886146797341,0.8196773353931868,nonlinear,365,100,0.5,0.7097407580804833,41.948151616096666,2.0,0.5
P3,3,2,16,57,0.7094886146797341,0.8196773353931868,nonlinear,365,100,0.5,0.7054815250914586,41.096305018291716,2.0,0.5
P3,3,2,17,58,0.7094886146797341,0.8196773353931868,nonlinear,365,100,0.5,0.7101518166584665,42.0303633316933,2.0,0.5
P3,3,2,18,59,0.7094886146797341,0.8196773353931868,nonlinear,365,100,0.5,0.7077596318535587,41.55192637071175,2.0,0.5
P3,3,2,19,60,0.7094886146797341,0.8196773353931868,nonlinear,365,100,0.5,0.7068015091306298,41.360301826125955,2.0,0.5
P3,3,2,20,61,0.7094886146797341,0.8196773353931868,nonlinear,365,100,0.5,0.7038344538214931,40.76689076429862,2.0,0.5
P3,3,2,21,62,0.7094886146797341,0.8196773353931868,nonlinear,365,100,0.5,0.7126770613261248,42.53541226522497,2.0,0.5
P3,3,2,22,63,0.7094886146797341,0.8196773353931868,nonlinear,365,100,0.5,0.7048767746413169,40.975354928263386,2.0,0.5
P3,3,2,23,64,0.7094886146797341,0.8196773353931868,nonlinear,365,100,0.5,0.7042095062638929,40.84190125277858,2.0,0.5
P3,3,2,24,65,0.7094886146797341,0.8196773353931868,nonlinear,365,100,0.5,0.7120702331788409,42.41404663576817,2.0,0.5
P3,3,2,25,66,0.7094886146797341,0.8196773353931868,nonlinear,365,100,0.5,0.7078504866711975,41.570097334239506,2.0,0.5
P3,3,2,26,67,0.7094886146797341,0.8196773353931868,nonlinear,365,100,0.5,0.7106321442370811,42.12642884741622,2.0,0.5
P3,3,2,27,68,0.7094886146797341,0.8196773353931868,nonlinear,365,100,0.5,0.7141898636355418,42.837972727108365,2.0,0.5
P3,3,2,28,69,0.7094886146797341,0.8196773353931868,nonlinear,365,100,0.5,0.7132199721910315,42.6439944382063,2.0,0.5
P3,3,2,29,70,0.7094886146797341,0.8196773353931868,nonlinear,365,100,0.5,0.7096820909844774,41.93641819689549,2.0,0.5
P3,3,2,30,71,0.7094886146797341,0.8196773353931868,nonlinear,365,100,0.5,0.7056973470158825,41.1394694031765,2.0,0.5
P4,2,3,1,42,0.8465449782232979,0.7059644256269408,nonlinear,365,100,0.5,0.694496233616996,38.899246723399195,2.0,0.5
P4,2,3,2,43,0.8465449782232979,0.7059644256269408,nonlinear,365,100,0.5,0.6947867669817748,38.957353396354954,2.0,0.5
P4,2,3,3,44,0.8465449782232979,0.7059644256269408,nonlinear,365,100,0.5,0.6958240987269353,39.16481974538706,2.0,0.5
P4,2,3,4,45,0.8465449782232979,0.7059644256269408,nonlinear,365,100,0.5,0.696802685251215,39.360537050243,2.0,0.5
P4,2,3,5,46,0.8465449782232979,0.7059644256269408,nonlinear,365,100,0.5,0.6969684813363778,39.39369626727556,2.0,0.5
P4,2,3,6,47,0.8465449782232979,0.7059644256269408,nonlinear,365,100,0.5,0.6982131377902833,39.64262755805665,2.0,0.5
P4,2,3,7,48,0.8465449782232979,0.7059644256269408,nonlinear,365,100,0.5,0.6949116134520845,38.98232269041691,2.0,0.5
P4,2,3,8,49,0.8465449782232979,0.7059644256269408,nonlinear,365,100,0.5,0.6968311879208197,39.36623758416393,2.0,0.5
P4,2,3,9,50,0.8465449782232979,0.7059644256269408,nonlinear,365,100,0.5,0.6926310420237266,38.52620840474532,2.0,0.5
P4,2,3,10,51,0.8465449782232979,0.7059644256269408,nonlinear,365,100,0.5,0.6976684102859748,39.533682057194966,2.0,0.5
P4,2,3,11,52,0.8465449782232979,0.7059644256269408,nonlinear,365,100,0.5,0.6989241298291663,39.78482596583326,2.0,0.5
P4,2,3,12,53,0.8465449782232979,0.7059644256269408,nonlinear,365,100,0.5,0.6979191452894827,39.583829057896544,2.0,0.5
P4,2,3,13,54,0.8465449782232979,0.7059644256269408,nonlinear,365,100,0.5,0.6974704804331417,39.494096086628346,2.0,0.5
P4,2,3,14,55,0.8465449782232979,0.7059644256269408,nonlinear,365,100,0.5,0.6973674977104237,39.473499542084745,2.0,0.5
P4,2,3,15,56,0.8465449782232979,0.7059644256269408,nonlinear,365,100,0.5,0.6978823325267893,39.576466505357864,2.0,0.5
P4,2,3,16,57,0.8465449782232979,0.7059644256269408,nonlinear,365,100,0.5,0.694546096844065,38.909219368813,2.0,0.5
P4,2,3,17,58,0.8465449782232979,0.7059644256269408,nonlinear,365,100,0.5,0.6979330434628438,39.58660869256876,2.0,0.5
P4,2,3,18,59,0.8465449782232979,0.7059644256269408,nonlinear,365,100,0.5,0.6967311119444719,39.34622238889438,2.0,0.5
P4,2,3,19,60,0.8465449782232979,0.7059644256269408,nonlinear,365,100,0.5,0.6952671344701055,39.053426894021094,2.0,0.5
P4,2,3,20,61,0.8465449782232979,0.7059644256269408,nonlinear,365,100,0.5,0.6927967859906508,38.55935719813015,2.0,0.5
P4,2,3,21,62,0.8465449782232979,0.7059644256269408,nonlinear,365,100,0.5,0.702381583943272,40.4763167886544,2.0,0.5
P4,2,3,22,63,0.8465449782232979,0.7059644256269408,nonlinear,365,100,0.5,0.6940398268037128,38.80796536074256,2.0,0.5
P4,2,3,23,64,0.8465449782232979,0.7059644256269408,nonlinear,365,100,0.5,0.6919371122138599,38.38742244277198,2.0,0.5
P4,2,3,24,65,0.8465449782232979,0.7059644256269408,nonlinear,365,100,0.5,0.700016232454746,40.003246490949195,2.0,0.5
P4,2,3,25,66,0.8465449782232979,0.7059644256269408,nonlinear,365,100,0.5,0.6973479846538038,39.46959693076075,2.0,0.5
P4,2,3,26,67,0.8465449782232979,0.7059644256269408,nonlinear,365,100,0.5,0.6993461895559151,39.86923791118302,2.0,0.5
P4,2,3,27,68,0.8465449782232979,0.7059644256269408,nonlinear,365,100,0.5,0.7024458476888467,40.48916953776933,2.0,0.5
P4,2,3,28,69,0.8465449782232979,0.7059644256269408,nonlinear,365,100,0.5,0.7014396046689233,40.28792093378466,2.0,0.5
P4,2,3,29,70,0.8465449782232979,0.7059644256269408,nonlinear,365,100,0.5,0.6991829363197496,39.836587263949916,2.0,0.5
P4,2,3,30,71,0.8465449782232979,0.7059644256269408,nonlinear,365,100,0.5,0.6936035970393203,38.72071940786406,2.0,0.5
P5,1,4,1,42,0.9384166061432972,0.5577708763999663,nonlinear,365,100,0.5,0.6709843392549949,34.19686785099898,2.0,0.5
P5,1,4,2,43,0.9384166061432972,0.5577708763999663,nonlinear,365,100,0.5,0.6702402597918447,34.04805195836893,2.0,0.5
P5,1,4,3,44,0.9384166061432972,0.5577708763999663,nonlinear,365,100,0.5,0.6722368579474475,34.44737158948949,2.0,0.5
P5,1,4,4,45,0.9384166061432972,0.5577708763999663,nonlinear,365,100,0.5,0.6724786125520361,34.49572251040722,2.0,0.5
P5,1,4,5,46,0.9384166061432972,0.5577708763999663,nonlinear,365,100,0.5,0.6734035550770767,34.68071101541534,2.0,0.5
P5,1,4,6,47,0.9384166061432972,0.5577708763999663,nonlinear,365,100,0.5,0.6742980750186071,34.85961500372141,2.0,0.5
P5,1,4,7,48,0.9384166061432972,0.5577708763999663,nonlinear,365,100,0.5,0.6708235647022468,34.16471294044936,2.0,0.5
P5,1,4,8,49,0.9384166061432972,0.5577708763999663,nonlinear,365,100,0.5,0.6724131459764323,34.482629195286464,2.0,0.5
P5,1,4,9,50,0.9384166061432972,0.5577708763999663,nonlinear,365,100,0.5,0.6680578534496432,33.61157068992864,2.0,0.5
P5,1,4,10,51,0.9384166061432972,0.5577708763999663,nonlinear,365,100,0.5,0.673048861190623,34.609772238124606,2.0,0.5
P5,1,4,11,52,0.9384166061432972,0.5577708763999663,nonlinear,365,100,0.5,0.6747474138663004,34.94948277326009,2.0,0.5
P5,1,4,12,53,0.9384166061432972,0.5577708763999663,nonlinear,365,100,0.5,0.6742670441297972,34.85340882595944,2.0,0.5
P5,1,4,13,54,0.9384166061432972,0.5577708763999663,nonlinear,365,100,0.5,0.6735474579560061,34.70949159120123,2.0,0.5
P5,1,4,14,55,0.9384166061432972,0.5577708763999663,nonlinear,365,100,0.5,0.6731120320567874,34.622406411357474,2.0,0.5
P5,1,4,15,56,0.9384166061432972,0.5577708763999663,nonlinear,365,100,0.5,0.6734498938211748,34.689978764234965,2.0,0.5
P5,1,4,16,57,0.9384166061432972,0.5577708763999663,nonlinear,365,100,0.5,0.671094189048232,34.21883780964641,2.0,0.5
P5,1,4,17,58,0.9384166061432972,0.5577708763999663,nonlinear,365,100,0.5,0.6730977821160201,34.619556423204024,2.0,0.5
P5,1,4,18,59,0.9384166061432972,0.5577708763999663,nonlinear,365,100,0.5,0.6731415165771889,34.62830331543778,2.0,0.5
P5,1,4,19,60,0.9384166061432972,0.5577708763999663,nonlinear,365,100,0.5,0.6712113163700559,34.24226327401119,2.0,0.5
P5,1,4,20,61,0.9384166061432972,0.5577708763999663,nonlinear,365,100,0.5,0.669211727079333,33.84234541586659,2.0,0.5
P5,1,4,21,62,0.9384166061432972,0.5577708763999663,nonlinear,365,100,0.5,0.6796346311357452,35.92692622714904,2.0,0.5
P5,1,4,22,63,0.9384166061432972,0.5577708763999663,nonlinear,365,100,0.5,0.6706981726016205,34.139634520324094,2.0,0.5
P5,1,4,23,64,0.9384166061432972,0.5577708763999663,nonlinear,365,100,0.5,0.6670250045272048,33.405000905440964,2.0,0.5
P5,1,4,24,65,0.9384166061432972,0.5577708763999663,nonlinear,365,100,0.5,0.6751793463691039,35.035869273820786,2.0,0.5
P5,1,4,25,66,0.9384166061432972,0.5577708763999663,nonlinear,365,100,0.5,0.6742644354820653,34.852887096413056,2.0,0.5
P5,1,4,26,67,0.9384166061432972,0.5577708763999663,nonlinear,365,100,0.5,0.675516765751238,35.1033531502476,2.0,0.5
P5,1,4,27,68,0.9384166061432972,0.5577708763999663,nonlinear,365,100,0.5,0.6780088262033912,35.60176524067824,2.0,0.5
P5,1,4,28,69,0.9384166061432972,0.5577708763999663,nonlinear,365,100,0.5,0.6771049945388721,35.42099890777442,2.0,0.5
P5,1,4,29,70,0.9384166061432972,0.5577708763999663,nonlinear,365,100,0.5,0.6761632259091117,35.23264518182234,2.0,0.5
P5,1,4,30,71,0.9384166061432972,0.5577708763999663,nonlinear,365,100,0.5,0.6689126383127281,33.78252766254561,2.0,0.5
P6,0,5,1,42,1.0,0.2,nonlinear,365,100,0.5,0.5957045212929356,19.14090425858712,2.0,0.5
P6,0,5,2,43,1.0,0.2,nonlinear,365,100,0.5,0.5924308138221568,18.486162764431356,2.0,0.5
P6,0,5,3,44,1.0,0.2,nonlinear,365,100,0.5,0.5968537374156803,19.370747483136054,2.0,0.5
P6,0,5,4,45,1.0,0.2,nonlinear,365,100,0.5,0.5951141298285436,19.022825965708723,2.0,0.5
P6,0,5,5,46,1.0,0.2,nonlinear,365,100,0.5,0.5981457970907732,19.62915941815464,2.0,0.5
P6,0,5,6,47,1.0,0.2,nonlinear,365,100,0.5,0.5979499396386273,19.58998792772546,2.0,0.5
P6,0,5,7,48,1.0,0.2,nonlinear,365,100,0.5,0.5942296090252669,18.84592180505338,2.0,0.5
P6,0,5,8,49,1.0,0.2,nonlinear,365,100,0.5,0.5952260932654375,19.045218653087503,2.0,0.5
P6,0,5,9,50,1.0,0.2,nonlinear,365,100,0.5,0.5905075235331467,18.101504706629346,2.0,0.5
P6,0,5,10,51,1.0,0.2,nonlinear,365,100,0.5,0.5946437702764664,18.928754055293282,2.0,0.5
P6,0,5,11,52,1.0,0.2,nonlinear,365,100,0.5,0.5978192883420581,19.56385766841162,2.0,0.5
P6,0,5,12,53,1.0,0.2,nonlinear,365,100,0.5,0.598530880564615,19.706176112923004,2.0,0.5
P6,0,5,13,54,1.0,0.2,nonlinear,365,100,0.5,0.5972414749159376,19.44829498318752,2.0,0.5
P6,0,5,14,55,1.0,0.2,nonlinear,365,100,0.5,0.5959716665758584,19.194333315171686,2.0,0.5
P6,0,5,15,56,1.0,0.2,nonlinear,365,100,0.5,0.5961706526001519,19.23413052003038,2.0,0.5
P6,0,5,16,57,1.0,0.2,nonlinear,365,100,0.5,0.5958937993253143,19.178759865062855,2.0,0.5
P6,0,5,17,58,1.0,0.2,nonlinear,365,100,0.5,0.5949037444349365,18.980748886987307,2.0,0.5
P6,0,5,18,59,1.0,0.2,nonlinear,365,100,0.5,0.5975658266133947,19.51316532267895,2.0,0.5
P6,0,5,19,60,1.0,0.2,nonlinear,365,100,0.5,0.5948107950445887,18.962159008917734,2.0,0.5
P6,0,5,20,61,1.0,0.2,nonlinear,365,100,0.5,0.5936661588094244,18.733231761884884,2.0,0.5
P6,0,5,21,62,1.0,0.2,nonlinear,365,100,0.5,0.6059921686920655,21.1984337384131,2.0,0.5
P6,0,5,22,63,1.0,0.2,nonlinear,365,100,0.5,0.595752861778804,19.150572355760808,2.0,0.5
P6,0,5,23,64,1.0,0.2,nonlinear,365,100,0.5,0.5886165189018957,17.72330378037914,2.0,0.5
P6,0,5,24,65,1.0,0.2,nonlinear,365,100,0.5,0.5965704209800831,19.314084196016612,2.0,0.5
P6,0,5,25,66,1.0,0.2,nonlinear,365,100,0.5,0.5996425936736045,19.928518734720903,2.0,0.5
P6,0,5,26,67,1.0,0.2,nonlinear,365,100,0.5,0.5994922338239032,19.89844676478063,2.0,0.5
P6,0,5,27,68,1.0,0.2,nonlinear,365,100,0.5,0.6004239148496318,20.08478296992635,2.0,0.5
P6,0,5,28,69,1.0,0.2,nonlinear,365,100,0.5,0.6000482412452885,20.00964824905771,2.0,0.5
P6,0,5,29,70,1.0,0.2,nonlinear,365,100,0.5,0.6018213304389458,20.36426608778916,2.0,0.5
P6,0,5,30,71,1.0,0.2,nonlinear,365,100,0.5,0.5910560001869407,18.211200037388142,2.0,0.5
P1,5,0,1,42,0.2,1.0,nonlinear,365,100,0.5,0.6889736378220522,37.794727564410444,2.0,0.7
P1,5,0,2,43,0.2,1.0,nonlinear,365,100,0.5,0.6918996779964706,38.379935599294114,2.0,0.7
P1,5,0,3,44,0.2,1.0,nonlinear,365,100,0.5,0.690888280930465,38.17765618609299,2.0,0.7
P1,5,0,4,45,0.2,1.0,nonlinear,365,100,0.5,0.6929665591702927,38.59331183405854,2.0,0.7
P1,5,0,5,46,0.2,1.0,nonlinear,365,100,0.5,0.6922323961266099,38.44647922532198,2.0,0.7
P1,5,0,6,47,0.2,1.0,nonlinear,365,100,0.5,0.6934548646434143,38.69097292868287,2.0,0.7
P1,5,0,7,48,0.2,1.0,nonlinear,365,100,0.5,0.6911629271725501,38.23258543451003,2.0,0.7
P1,5,0,8,49,0.2,1.0,nonlinear,365,100,0.5,0.6946972263915329,38.93944527830657,2.0,0.7
P1,5,0,9,50,0.2,1.0,nonlinear,365,100,0.5,0.6909463489827055,38.18926979654109,2.0,0.7
P1,5,0,10,51,0.2,1.0,nonlinear,365,100,0.5,0.6933530506492804,38.67061012985609,2.0,0.7
P1,5,0,11,52,0.2,1.0,nonlinear,365,100,0.5,0.6949488422122617,38.989768442452345,2.0,0.7
P1,5,0,12,53,0.2,1.0,nonlinear,365,100,0.5,0.6924405455783834,38.488109115676686,2.0,0.7
P1,5,0,13,54,0.2,1.0,nonlinear,365,100,0.5,0.6929623844201651,38.59247688403302,2.0,0.7
P1,5,0,14,55,0.2,1.0,nonlinear,365,100,0.5,0.6935448230618201,38.708964612364014,2.0,0.7
P1,5,0,15,56,0.2,1.0,nonlinear,365,100,0.5,0.6954939621083184,39.098792421663674,2.0,0.7
P1,5,0,16,57,0.2,1.0,nonlinear,365,100,0.5,0.68873847746397,37.747695492793994,2.0,0.7
P1,5,0,17,58,0.2,1.0,nonlinear,365,100,0.5,0.6968066914920398,39.36133829840796,2.0,0.7
P1,5,0,18,59,0.2,1.0,nonlinear,365,100,0.5,0.6910330418505457,38.20660837010914,2.0,0.7
P1,5,0,19,60,0.2,1.0,nonlinear,365,100,0.5,0.6918074701368152,38.361494027363044,2.0,0.7
P1,5,0,20,61,0.2,1.0,nonlinear,365,100,0.5,0.6872843475508059,37.456869510161184,2.0,0.7
P1,5,0,21,62,0.2,1.0,nonlinear,365,100,0.5,0.6941539121316267,38.83078242632534,2.0,0.7
P1,5,0,22,63,0.2,1.0,nonlinear,365,100,0.5,0.6878730583423711,37.57461166847422,2.0,0.7
P1,5,0,23,64,0.2,1.0,nonlinear,365,100,0.5,0.6909930052953448,38.19860105906896,2.0,0.7
P1,5,0,24,65,0.2,1.0,nonlinear,365,100,0.5,0.6975078016414115,39.501560328282295,2.0,0.7
P1,5,0,25,66,0.2,1.0,nonlinear,365,100,0.5,0.6894618657644402,37.89237315288805,2.0,0.7
P1,5,0,26,67,0.2,1.0,nonlinear,365,100,0.5,0.6947360282762371,38.94720565524743,2.0,0.7
P1,5,0,27,68,0.2,1.0,nonlinear,365,100,0.5,0.6990262022047495,39.80524044094991,2.0,0.7
P1,5,0,28,69,0.2,1.0,nonlinear,365,100,0.5,0.6987806855075079,39.75613710150159,2.0,0.7
P1,5,0,29,70,0.2,1.0,nonlinear,365,100,0.5,0.6915003835989488,38.300076719789764,2.0,0.7
P1,5,0,30,71,0.2,1.0,nonlinear,365,100,0.5,0.692112359702659,38.42247194053181,2.0,0.7
P2,4,1,1,42,0.5050245465765446,0.8843101439943604,nonlinear,365,100,0.5,0.6975042908126162,39.500858162523244,2.0,0.7
P2,4,1,2,43,0.5050245465765446,0.8843101439943604,nonlinear,365,100,0.5,0.6992644066608602,39.85288133217204,2.0,0.7
P2,4,1,3,44,0.5050245465765446,0.8843101439943604,nonlinear,365,100,0.5,0.6991043920738735,39.82087841477471,2.0,0.7
P2,4,1,4,45,0.5050245465765446,0.8843101439943604,nonlinear,365,100,0.5,0.700789453259172,40.15789065183439,2.0,0.7
P2,4,1,5,46,0.5050245465765446,0.8843101439943604,nonlinear,365,100,0.5,0.7003362561445385,40.06725122890771,2.0,0.7
P2,4,1,6,47,0.5050245465765446,0.8843101439943604,nonlinear,365,100,0.5,0.7016705344393469,40.33410688786938,2.0,0.7
P2,4,1,7,48,0.5050245465765446,0.8843101439943604,nonlinear,365,100,0.5,0.6988796871696354,39.77593743392709,2.0,0.7
P2,4,1,8,49,0.5050245465765446,0.8843101439943604,nonlinear,365,100,0.5,0.7016103918883745,40.3220783776749,2.0,0.7
P2,4,1,9,50,0.5050245465765446,0.8843101439943604,nonlinear,365,100,0.5,0.6976527674367947,39.530553487358944,2.0,0.7
P2,4,1,10,51,0.5050245465765446,0.8843101439943604,nonlinear,365,100,0.5,0.7015371297237949,40.307425944758975,2.0,0.7
P2,4,1,11,52,0.5050245465765446,0.8843101439943604,nonlinear,365,100,0.5,0.7028217131439961,40.564342628799224,2.0,0.7
P2,4,1,12,53,0.5050245465765446,0.8843101439943604,nonlinear,365,100,0.5,0.7009689858909374,40.193797178187474,2.0,0.7
P2,4,1,13,54,0.5050245465765446,0.8843101439943604,nonlinear,365,100,0.5,0.7010410867876826,40.208217357536526,2.0,0.7
P2,4,1,14,55,0.5050245465765446,0.8843101439943604,nonlinear,365,100,0.5,0.7013525633777522,40.27051267555044,2.0,0.7
P2,4,1,15,56,0.5050245465765446,0.8843101439943604,nonlinear,365,100,0.5,0.7025676086767355,40.513521735347105,2.0,0.7
P2,4,1,16,57,0.5050245465765446,0.8843101439943604,nonlinear,365,100,0.5,0.6973929046247253,39.47858092494505,2.0,0.7
P2,4,1,17,58,0.5050245465765446,0.8843101439943604,nonlinear,365,100,0.5,0.703298463895587,40.65969277911741,2.0,0.7
P2,4,1,18,59,0.5050245465765446,0.8843101439943604,nonlinear,365,100,0.5,0.6996885002696066,39.93770005392132,2.0,0.7
P2,4,1,19,60,0.5050245465765446,0.8843101439943604,nonlinear,365,100,0.5,0.6993565070948526,39.87130141897053,2.0,0.7
P2,4,1,20,61,0.5050245465765446,0.8843101439943604,nonlinear,365,100,0.5,0.6958089509850893,39.161790197017865,2.0,0.7
P2,4,1,21,62,0.5050245465765446,0.8843101439943604,nonlinear,365,100,0.5,0.7039614896070356,40.792297921407126,2.0,0.7
P2,4,1,22,63,0.5050245465765446,0.8843101439943604,nonlinear,365,100,0.5,0.6966983269860798,39.33966539721596,2.0,0.7
P2,4,1,23,64,0.5050245465765446,0.8843101439943604,nonlinear,365,100,0.5,0.6973891624603077,39.47783249206154,2.0,0.7
P2,4,1,24,65,0.5050245465765446,0.8843101439943604,nonlinear,365,100,0.5,0.7047459314941699,40.94918629883397,2.0,0.7
P2,4,1,25,66,0.5050245465765446,0.8843101439943604,nonlinear,365,100,0.5,0.6991636102613104,39.83272205226207,2.0,0.7
P2,4,1,26,67,0.5050245465765446,0.8843101439943604,nonlinear,365,100,0.5,0.7028556227641392,40.57112455282783,2.0,0.7
P2,4,1,27,68,0.5050245465765446,0.8843101439943604,nonlinear,365,100,0.5,0.7066688828766197,41.33377657532393,2.0,0.7
P2,4,1,28,69,0.5050245465765446,0.8843101439943604,nonlinear,365,100,0.5,0.7059741387234706,41.194827744694116,2.0,0.7
P2,4,1,29,70,0.5050245465765446,0.8843101439943604,nonlinear,365,100,0.5,0.7010903598827639,40.218071976552785,2.0,0.7
P2,4,1,30,71,0.5050245465765446,0.8843101439943604,nonlinear,365,100,0.5,0.6987444894427235,39.7488978885447,2.0,0.7
P3,3,2,1,42,0.7094886146797341,0.7594945523315435,nonlinear,365,100,0.5,0.6915303928426899,38.306078568537984,2.0,0.7
P3,3,2,2,43,0.7094886146797341,0.7594945523315435,nonlinear,365,100,0.5,0.6922725535950337,38.45451071900674,2.0,0.7
P3,3,2,3,44,0.7094886146797341,0.7594945523315435,nonlinear,365,100,0.5,0.6929608905790994,38.59217811581988,2.0,0.7
P3,3,2,4,45,0.7094886146797341,0.7594945523315435,nonlinear,365,100,0.5,0.6941108047322996,38.82216094645992,2.0,0.7
P3,3,2,5,46,0.7094886146797341,0.7594945523315435,nonlinear,365,100,0.5,0.69415005584252,38.830011168504,2.0,0.7
P3,3,2,6,47,0.7094886146797341,0.7594945523315435,nonlinear,365,100,0.5,0.6953642661652123,39.07285323304246,2.0,0.7
P3,3,2,7,48,0.7094886146797341,0.7594945523315435,nonlinear,365,100,0.5,0.6922638150497192,38.452763009943844,2.0,0.7
P3,3,2,8,49,0.7094886146797341,0.7594945523315435,nonlinear,365,100,0.5,0.6944659757994298,38.89319515988596,2.0,0.7
P3,3,2,9,50,0.7094886146797341,0.7594945523315435,nonlinear,365,100,0.5,0.6903458266731284,38.06916533462568,2.0,0.7
P3,3,2,10,51,0.7094886146797341,0.7594945523315435,nonlinear,365,100,0.5,0.6948762900810281,38.97525801620563,2.0,0.7
P3,3,2,11,52,0.7094886146797341,0.7594945523315435,nonlinear,365,100,0.5,0.6962255254633978,39.24510509267955,2.0,0.7
P3,3,2,12,53,0.7094886146797341,0.7594945523315435,nonlinear,365,100,0.5,0.6949422016858894,38.98844033717788,2.0,0.7
P3,3,2,13,54,0.7094886146797341,0.7594945523315435,nonlinear,365,100,0.5,0.6946767706741528,38.93535413483056,2.0,0.7
P3,3,2,14,55,0.7094886146797341,0.7594945523315435,nonlinear,365,100,0.5,0.6946965388932247,38.93930777864494,2.0,0.7
P3,3,2,15,56,0.7094886146797341,0.7594945523315435,nonlinear,365,100,0.5,0.695487863600235,39.09757272004699,2.0,0.7
P3,3,2,16,57,0.7094886146797341,0.7594945523315435,nonlinear,365,100,0.5,0.6915184749825122,38.303694996502436,2.0,0.7
P3,3,2,17,58,0.7094886146797341,0.7594945523315435,nonlinear,365,100,0.5,0.6957585164593277,39.151703291865545,2.0,0.7
P3,3,2,18,59,0.7094886146797341,0.7594945523315435,nonlinear,365,100,0.5,0.6937356030869504,38.747120617390074,2.0,0.7
P3,3,2,19,60,0.7094886146797341,0.7594945523315435,nonlinear,365,100,0.5,0.6926761132850138,38.535222657002755,2.0,0.7
P3,3,2,20,61,0.7094886146797341,0.7594945523315435,nonlinear,365,100,0.5,0.6898155177013784,37.963103540275675,2.0,0.7
P3,3,2,21,62,0.7094886146797341,0.7594945523315435,nonlinear,365,100,0.5,0.6989301570381803,39.78603140763606,2.0,0.7
P3,3,2,22,63,0.7094886146797341,0.7594945523315435,nonlinear,365,100,0.5,0.6909525039441703,38.19050078883406,2.0,0.7
P3,3,2,23,64,0.7094886146797341,0.7594945523315435,nonlinear,365,100,0.5,0.6897819928559283,37.956398571185666,2.0,0.7
P3,3,2,24,65,0.7094886146797341,0.7594945523315435,nonlinear,365,100,0.5,0.6975564377584091,39.51128755168183,2.0,0.7
P3,3,2,25,66,0.7094886146797341,0.7594945523315435,nonlinear,365,100,0.5,0.6939396033136364,38.787920662727274,2.0,0.7
P3,3,2,26,67,0.7094886146797341,0.7594945523315435,nonlinear,365,100,0.5,0.696537075661459,39.30741513229179,2.0,0.7
P3,3,2,27,68,0.7094886146797341,0.7594945523315435,nonlinear,365,100,0.5,0.6998437472995079,39.96874945990159,2.0,0.7
P3,3,2,28,69,0.7094886146797341,0.7594945523315435,nonlinear,365,100,0.5,0.6989885032608272,39.79770065216543,2.0,0.7
P3,3,2,29,70,0.7094886146797341,0.7594945523315435,nonlinear,365,100,0.5,0.6958338850166003,39.16677700332005,2.0,0.7
P3,3,2,30,71,0.7094886146797341,0.7594945523315435,nonlinear,365,100,0.5,0.6913494194324503,38.269883886490064,2.0,0.7
P4,2,3,1,42,0.8465449782232979,0.621242305386956,nonlinear,365,100,0.5,0.6750907887637798,35.01815775275596,2.0,0.7
P4,2,3,2,43,0.8465449782232979,0.621242305386956,nonlinear,365,100,0.5,0.6748185690715804,34.96371381431609,2.0,0.7
P4,2,3,3,44,0.8465449782232979,0.621242305386956,nonlinear,365,100,0.5,0.6764132611388556,35.282652227771116,2.0,0.7
P4,2,3,4,45,0.8465449782232979,0.621242305386956,nonlinear,365,100,0.5,0.6769112914761852,35.382258295237044,2.0,0.7
P4,2,3,5,46,0.8465449782232979,0.621242305386956,nonlinear,365,100,0.5,0.6775991605578721,35.51983211157441,2.0,0.7
P4,2,3,6,47,0.8465449782232979,0.621242305386956,nonlinear,365,100,0.5,0.6785547000780999,35.71094001561998,2.0,0.7
P4,2,3,7,48,0.8465449782232979,0.621242305386956,nonlinear,365,100,0.5,0.6752301604583313,35.046032091666255,2.0,0.7
P4,2,3,8,49,0.8465449782232979,0.621242305386956,nonlinear,365,100,0.5,0.6770336144784067,35.40672289568134,2.0,0.7
P4,2,3,9,50,0.8465449782232979,0.621242305386956,nonlinear,365,100,0.5,0.6727577976331914,34.551559526638286,2.0,0.7
P4,2,3,10,51,0.8465449782232979,0.621242305386956,nonlinear,365,100,0.5,0.6775007146067356,35.50014292134711,2.0,0.7
P4,2,3,11,52,0.8465449782232979,0.621242305386956,nonlinear,365,100,0.5,0.679144499210258,35.8288998420516,2.0,0.7
P4,2,3,12,53,0.8465449782232979,0.621242305386956,nonlinear,365,100,0.5,0.678399665713463,35.6799331426926,2.0,0.7
P4,2,3,13,54,0.8465449782232979,0.621242305386956,nonlinear,365,100,0.5,0.6778401468203045,35.56802936406089,2.0,0.7
P4,2,3,14,55,0.8465449782232979,0.621242305386956,nonlinear,365,100,0.5,0.6775449887977859,35.50899775955718,2.0,0.7
P4,2,3,15,56,0.8465449782232979,0.621242305386956,nonlinear,365,100,0.5,0.678067672391528,35.613534478305596,2.0,0.7
P4,2,3,16,57,0.8465449782232979,0.621242305386956,nonlinear,365,100,0.5,0.6751553471281301,35.031069425626015,2.0,0.7
P4,2,3,17,58,0.8465449782232979,0.621242305386956,nonlinear,365,100,0.5,0.6779193091621945,35.58386183243889,2.0,0.7
P4,2,3,18,59,0.8465449782232979,0.621242305386956,nonlinear,365,100,0.5,0.6772549301634633,35.450986032692654,2.0,0.7
P4,2,3,19,60,0.8465449782232979,0.621242305386956,nonlinear,365,100,0.5,0.6756379746190561,35.12759492381121,2.0,0.7
P4,2,3,20,61,0.8465449782232979,0.621242305386956,nonlinear,365,100,0.5,0.6733269988946775,34.6653997789355,2.0,0.7
P4,2,3,21,62,0.8465449782232979,0.621242305386956,nonlinear,365,100,0.5,0.6833122660050128,36.66245320100256,2.0,0.7
P4,2,3,22,63,0.8465449782232979,0.621242305386956,nonlinear,365,100,0.5,0.674704363313288,34.9408726626576,2.0,0.7
P4,2,3,23,64,0.8465449782232979,0.621242305386956,nonlinear,365,100,0.5,0.6718733009261058,34.37466018522115,2.0,0.7
P4,2,3,24,65,0.8465449782232979,0.621242305386956,nonlinear,365,100,0.5,0.6798508914364046,35.97017828728093,2.0,0.7
P4,2,3,25,66,0.8465449782232979,0.621242305386956,nonlinear,365,100,0.5,0.6780453029461473,35.60906058922946,2.0,0.7
P4,2,3,26,67,0.8465449782232979,0.621242305386956,nonlinear,365,100,0.5,0.6797737750516789,35.95475501033578,2.0,0.7
P4,2,3,27,68,0.8465449782232979,0.621242305386956,nonlinear,365,100,0.5,0.6825169659452734,36.50339318905469,2.0,0.7
P4,2,3,28,69,0.8465449782232979,0.621242305386956,nonlinear,365,100,0.5,0.6816642769983132,36.33285539966265,2.0,0.7
P4,2,3,29,70,0.8465449782232979,0.621242305386956,nonlinear,365,100,0.5,0.6799631405823755,35.9926281164751,2.0,0.7
P4,2,3,30,71,0.8465449782232979,0.621242305386956,nonlinear,365,100,0.5,0.6736564038802353,34.73128077604706,2.0,0.7
P5,1,4,1,42,0.9384166061432972,0.459305055470842,nonlinear,365,100,0.5,0.6484411575935785,29.68823151871569,2.0,0.7
P5,1,4,2,43,0.9384166061432972,0.459305055470842,nonlinear,365,100,0.5,0.6470248856437503,29.404977128750055,2.0,0.7
P5,1,4,3,44,0.9384166061432972,0.459305055470842,nonlinear,365,100,0.5,0.6496807782781701,29.93615565563401,2.0,0.7
P5,1,4,4,45,0.9384166061432972,0.459305055470842,nonlinear,365,100,0.5,0.6493628737615204,29.87257475230407,2.0,0.7
P5,1,4,5,46,0.9384166061432972,0.459305055470842,nonlinear,365,100,0.5,0.650892715381807,30.178543076361407,2.0,0.7
P5,1,4,6,47,0.9384166061432972,0.459305055470842,nonlinear,365,100,0.5,0.6514577321376382,30.29154642752765,2.0,0.7
P5,1,4,7,48,0.9384166061432972,0.459305055470842,nonlinear,365,100,0.5,0.6479455319406767,29.589106388135345,2.0,0.7
P5,1,4,8,49,0.9384166061432972,0.459305055470842,nonlinear,365,100,0.5,0.6493968492168052,29.879369843361037,2.0,0.7
P5,1,4,9,50,0.9384166061432972,0.459305055470842,nonlinear,365,100,0.5,0.6449486478494437,28.989729569888745,2.0,0.7
P5,1,4,10,51,0.9384166061432972,0.459305055470842,nonlinear,365,100,0.5,0.6496147084970442,29.922941699408835,2.0,0.7
P5,1,4,11,52,0.9384166061432972,0.459305055470842,nonlinear,365,100,0.5,0.6517607780815534,30.352155616310682,2.0,0.7
P5,1,4,12,53,0.9384166061432972,0.459305055470842,nonlinear,365,100,0.5,0.6515893339096069,30.31786678192139,2.0,0.7
P5,1,4,13,54,0.9384166061432972,0.459305055470842,nonlinear,365,100,0.5,0.6507325999372462,30.14651998744924,2.0,0.7
P5,1,4,14,55,0.9384166061432972,0.459305055470842,nonlinear,365,100,0.5,0.6500707575576773,30.01415151153546,2.0,0.7
P5,1,4,15,56,0.9384166061432972,0.459305055470842,nonlinear,365,100,0.5,0.6504089032432269,30.081780648645374,2.0,0.7
P5,1,4,16,57,0.9384166061432972,0.459305055470842,nonlinear,365,100,0.5,0.6485669232922776,29.71338465845552,2.0,0.7
P5,1,4,17,58,0.9384166061432972,0.459305055470842,nonlinear,365,100,0.5,0.6498196836448019,29.963936728960384,2.0,0.7
P5,1,4,18,59,0.9384166061432972,0.459305055470842,nonlinear,365,100,0.5,0.6505122921514653,30.102458430293066,2.0,0.7
P5,1,4,19,60,0.9384166061432972,0.459305055470842,nonlinear,365,100,0.5,0.6483953482729234,29.679069654584687,2.0,0.7
P5,1,4,20,61,0.9384166061432972,0.459305055470842,nonlinear,365,100,0.5,0.6465904348364107,29.31808696728213,2.0,0.7
P5,1,4,21,62,0.9384166061432972,0.459305055470842,nonlinear,365,100,0.5,0.6574991775278501,31.49983550557003,2.0,0.7
P5,1,4,22,63,0.9384166061432972,0.459305055470842,nonlinear,365,100,0.5,0.6482371495620946,29.64742991241891,2.0,0.7
P5,1,4,23,64,0.9384166061432972,0.459305055470842,nonlinear,365,100,0.5,0.6436867566338178,28.73735132676356,2.0,0.7
P5,1,4,24,65,0.9384166061432972,0.459305055470842,nonlinear,365,100,0.5,0.6517353632696384,30.347072653927686,2.0,0.7
P5,1,4,25,66,0.9384166061432972,0.459305055470842,nonlinear,365,100,0.5,0.6518515598760226,30.370311975204523,2.0,0.7
P5,1,4,26,67,0.9384166061432972,0.459305055470842,nonlinear,365,100,0.5,0.6527766114889366,30.555322297787324,2.0,0.7
P5,1,4,27,68,0.9384166061432972,0.459305055470842,nonlinear,365,100,0.5,0.6548448139221092,30.968962784421848,2.0,0.7
P5,1,4,28,69,0.9384166061432972,0.459305055470842,nonlinear,365,100,0.5,0.6541163654906457,30.823273098129135,2.0,0.7
P5,1,4,29,70,0.9384166061432972,0.459305055470842,nonlinear,365,100,0.5,0.653843684184319,30.76873683686381,2.0,0.7
P5,1,4,30,71,0.9384166061432972,0.459305055470842,nonlinear,365,100,0.5,0.6457172945643269,29.143458912865384,2.0,0.7
P6,0,5,1,42,1.0,0.2,nonlinear,365,100,0.5,0.5957045212929356,19.14090425858712,2.0,0.7
P6,0,5,2,43,1.0,0.2,nonlinear,365,100,0.5,0.5924308138221568,18.486162764431356,2.0,0.7
P6,0,5,3,44,1.0,0.2,nonlinear,365,100,0.5,0.5968537374156803,19.370747483136054,2.0,0.7
P6,0,5,4,45,1.0,0.2,nonlinear,365,100,0.5,0.5951141298285436,19.022825965708723,2.0,0.7
P6,0,5,5,46,1.0,0.2,nonlinear,365,100,0.5,0.5981457970907732,19.62915941815464,2.0,0.7
P6,0,5,6,47,1.0,0.2,nonlinear,365,100,0.5,0.5979499396386273,19.58998792772546,2.0,0.7
P6,0,5,7,48,1.0,0.2,nonlinear,365,100,0.5,0.5942296090252669,18.84592180505338,2.0,0.7
P6,0,5,8,49,1.0,0.2,nonlinear,365,100,0.5,0.5952260932654375,19.045218653087503,2.0,0.7
P6,0,5,9,50,1.0,0.2,nonlinear,365,100,0.5,0.5905075235331467,18.101504706629346,2.0,0.7
P6,0,5,10,51,1.0,0.2,nonlinear,365,100,0.5,0.5946437702764664,18.928754055293282,2.0,0.7
P6,0,5,11,52,1.0,0.2,nonlinear,365,100,0.5,0.5978192883420581,19.56385766841162,2.0,0.7
P6,0,5,12,53,1.0,0.2,nonlinear,365,100,0.5,0.598530880564615,19.706176112923004,2.0,0.7
P6,0,5,13,54,1.0,0.2,nonlinear,365,100,0.5,0.5972414749159376,19.44829498318752,2.0,0.7
P6,0,5,14,55,1.0,0.2,nonlinear,365,100,0.5,0.5959716665758584,19.194333315171686,2.0,0.7
P6,0,5,15,56,1.0,0.2,nonlinear,365,100,0.5,0.5961706526001519,19.23413052003038,2.0,0.7
P6,0,5,16,57,1.0,0.2,nonlinear,365,100,0.5,0.5958937993253143,19.178759865062855,2.0,0.7
P6,0,5,17,58,1.0,0.2,nonlinear,365,100,0.5,0.5949037444349365,18.980748886987307,2.0,0.7
P6,0,5,18,59,1.0,0.2,nonlinear,365,100,0.5,0.5975658266133947,19.51316532267895,2.0,0.7
P6,0,5,19,60,1.0,0.2,nonlinear,365,100,0.5,0.5948107950445887,18.962159008917734,2.0,0.7
P6,0,5,20,61,1.0,0.2,nonlinear,365,100,0.5,0.5936661588094244,18.733231761884884,2.0,0.7
P6,0,5,21,62,1.0,0.2,nonlinear,365,100,0.5,0.6059921686920655,21.1984337384131,2.0,0.7
P6,0,5,22,63,1.0,0.2,nonlinear,365,100,0.5,0.595752861778804,19.150572355760808,2.0,0.7
P6,0,5,23,64,1.0,0.2,nonlinear,365,100,0.5,0.5886165189018957,17.72330378037914,2.0,0.7
P6,0,5,24,65,1.0,0.2,nonlinear,365,100,0.5,0.5965704209800831,19.314084196016612,2.0,0.7
P6,0,5,25,66,1.0,0.2,nonlinear,365,100,0.5,0.5996425936736045,19.928518734720903,2.0,0.7
P6,0,5,26,67,1.0,0.2,nonlinear,365,100,0.5,0.5994922338239032,19.89844676478063,2.0,0.7
P6,0,5,27,68,1.0,0.2,nonlinear,365,100,0.5,0.6004239148496318,20.08478296992635,2.0,0.7
P6,0,5,28,69,1.0,0.2,nonlinear,365,100,0.5,0.6000482412452885,20.00964824905771,2.0,0.7
P6,0,5,29,70,1.0,0.2,nonlinear,365,100,0.5,0.6018213304389458,20.36426608778916,2.0,0.7
P6,0,5,30,71,1.0,0.2,nonlinear,365,100,0.5,0.5910560001869407,18.211200037388142,2.0,0.7
P1,5,0,1,42,0.2,1.0,nonlinear,365,100,0.5,0.6889736378220522,37.794727564410444,3.0,0.3
P1,5,0,2,43,0.2,1.0,nonlinear,365,100,0.5,0.6918996779964706,38.379935599294114,3.0,0.3
P1,5,0,3,44,0.2,1.0,nonlinear,365,100,0.5,0.690888280930465,38.17765618609299,3.0,0.3
P1,5,0,4,45,0.2,1.0,nonlinear,365,100,0.5,0.6929665591702927,38.59331183405854,3.0,0.3
P1,5,0,5,46,0.2,1.0,nonlinear,365,100,0.5,0.6922323961266099,38.44647922532198,3.0,0.3
P1,5,0,6,47,0.2,1.0,nonlinear,365,100,0.5,0.6934548646434143,38.69097292868287,3.0,0.3
P1,5,0,7,48,0.2,1.0,nonlinear,365,100,0.5,0.6911629271725501,38.23258543451003,3.0,0.3
P1,5,0,8,49,0.2,1.0,nonlinear,365,100,0.5,0.6946972263915329,38.93944527830657,3.0,0.3
P1,5,0,9,50,0.2,1.0,nonlinear,365,100,0.5,0.6909463489827055,38.18926979654109,3.0,0.3
P1,5,0,10,51,0.2,1.0,nonlinear,365,100,0.5,0.6933530506492804,38.67061012985609,3.0,0.3
P1,5,0,11,52,0.2,1.0,nonlinear,365,100,0.5,0.6949488422122617,38.989768442452345,3.0,0.3
P1,5,0,12,53,0.2,1.0,nonlinear,365,100,0.5,0.6924405455783834,38.488109115676686,3.0,0.3
P1,5,0,13,54,0.2,1.0,nonlinear,365,100,0.5,0.6929623844201651,38.59247688403302,3.0,0.3
P1,5,0,14,55,0.2,1.0,nonlinear,365,100,0.5,0.6935448230618201,38.708964612364014,3.0,0.3
P1,5,0,15,56,0.2,1.0,nonlinear,365,100,0.5,0.6954939621083184,39.098792421663674,3.0,0.3
P1,5,0,16,57,0.2,1.0,nonlinear,365,100,0.5,0.68873847746397,37.747695492793994,3.0,0.3
P1,5,0,17,58,0.2,1.0,nonlinear,365,100,0.5,0.6968066914920398,39.36133829840796,3.0,0.3
P1,5,0,18,59,0.2,1.0,nonlinear,365,100,0.5,0.6910330418505457,38.20660837010914,3.0,0.3
P1,5,0,19,60,0.2,1.0,nonlinear,365,100,0.5,0.6918074701368152,38.361494027363044,3.0,0.3
P1,5,0,20,61,0.2,1.0,nonlinear,365,100,0.5,0.6872843475508059,37.456869510161184,3.0,0.3
P1,5,0,21,62,0.2,1.0,nonlinear,365,100,0.5,0.6941539121316267,38.83078242632534,3.0,0.3
P1,5,0,22,63,0.2,1.0,nonlinear,365,100,0.5,0.6878730583423711,37.57461166847422,3.0,0.3
P1,5,0,23,64,0.2,1.0,nonlinear,365,100,0.5,0.6909930052953448,38.19860105906896,3.0,0.3
P1,5,0,24,65,0.2,1.0,nonlinear,365,100,0.5,0.6975078016414115,39.501560328282295,3.0,0.3
P1,5,0,25,66,0.2,1.0,nonlinear,365,100,0.5,0.6894618657644402,37.89237315288805,3.0,0.3
P1,5,0,26,67,0.2,1.0,nonlinear,365,100,0.5,0.6947360282762371,38.94720565524743,3.0,0.3
P1,5,0,27,68,0.2,1.0,nonlinear,365,100,0.5,0.6990262022047495,39.80524044094991,3.0,0.3
P1,5,0,28,69,0.2,1.0,nonlinear,365,100,0.5,0.6987806855075079,39.75613710150159,3.0,0.3
P1,5,0,29,70,0.2,1.0,nonlinear,365,100,0.5,0.6915003835989488,38.300076719789764,3.0,0.3
P1,5,0,30,71,0.2,1.0,nonlinear,365,100,0.5,0.692112359702659,38.42247194053181,3.0,0.3
P2,4,1,1,42,0.5798629539852619,0.9481987582580971,nonlinear,365,100,0.5,0.7211272039150468,44.22544078300936,3.0,0.3
P2,4,1,2,43,0.5798629539852619,0.9481987582580971,nonlinear,365,100,0.5,0.7232205799399679,44.64411598799358,3.0,0.3
P2,4,1,3,44,0.5798629539852619,0.9481987582580971,nonlinear,365,100,0.5,0.7226507314421294,44.53014628842589,3.0,0.3
P2,4,1,4,45,0.5798629539852619,0.9481987582580971,nonlinear,365,100,0.5,0.7247868117997872,44.95736235995744,3.0,0.3
P2,4,1,5,46,0.5798629539852619,0.9481987582580971,nonlinear,365,100,0.5,0.7238025595647483,44.76051191294965,3.0,0.3
P2,4,1,6,47,0.5798629539852619,0.9481987582580971,nonlinear,365,100,0.5,0.7255063217368346,45.10126434736692,3.0,0.3
P2,4,1,7,48,0.5798629539852619,0.9481987582580971,nonlinear,365,100,0.5,0.7225950315201667,44.51900630403334,3.0,0.3
P2,4,1,8,49,0.5798629539852619,0.9481987582580971,nonlinear,365,100,0.5,0.7252737143650252,45.05474287300504,3.0,0.3
P2,4,1,9,50,0.5798629539852619,0.9481987582580971,nonlinear,365,100,0.5,0.7213406629846201,44.26813259692401,3.0,0.3
P2,4,1,10,51,0.5798629539852619,0.9481987582580971,nonlinear,365,100,0.5,0.7259325523524285,45.1865104704857,3.0,0.3
P2,4,1,11,52,0.5798629539852619,0.9481987582580971,nonlinear,365,100,0.5,0.7266994848959967,45.33989697919934,3.0,0.3
P2,4,1,12,53,0.5798629539852619,0.9481987582580971,nonlinear,365,100,0.5,0.7247198270082211,44.94396540164423,3.0,0.3
P2,4,1,13,54,0.5798629539852619,0.9481987582580971,nonlinear,365,100,0.5,0.724792653405816,44.9585306811632,3.0,0.3
P2,4,1,14,55,0.5798629539852619,0.9481987582580971,nonlinear,365,100,0.5,0.7252513937363352,45.050278747267036,3.0,0.3
P2,4,1,15,56,0.5798629539852619,0.9481987582580971,nonlinear,365,100,0.5,0.7262656461343658,45.25312922687317,3.0,0.3
P2,4,1,16,57,0.5798629539852619,0.9481987582580971,nonlinear,365,100,0.5,0.7210277175427563,44.20554350855126,3.0,0.3
P2,4,1,17,58,0.5798629539852619,0.9481987582580971,nonlinear,365,100,0.5,0.7270790114427973,45.41580228855946,3.0,0.3
P2,4,1,18,59,0.5798629539852619,0.9481987582580971,nonlinear,365,100,0.5,0.7234091464958015,44.68182929916029,3.0,0.3
P2,4,1,19,60,0.5798629539852619,0.9481987582580971,nonlinear,365,100,0.5,0.7229762435076909,44.59524870153817,3.0,0.3
P2,4,1,20,61,0.5798629539852619,0.9481987582580971,nonlinear,365,100,0.5,0.7195006985715745,43.9001397143149,3.0,0.3
P2,4,1,21,62,0.5798629539852619,0.9481987582580971,nonlinear,365,100,0.5,0.7275380886894335,45.5076177378867,3.0,0.3
P2,4,1,22,63,0.5798629539852619,0.9481987582580971,nonlinear,365,100,0.5,0.7203116634896418,44.06233269792836,3.0,0.3
P2,4,1,23,64,0.5798629539852619,0.9481987582580971,nonlinear,365,100,0.5,0.7212032899692428,44.24065799384855,3.0,0.3
P2,4,1,24,65,0.5798629539852619,0.9481987582580971,nonlinear,365,100,0.5,0.7288985522376399,45.779710447527975,3.0,0.3
P2,4,1,25,66,0.5798629539852619,0.9481987582580971,nonlinear,365,100,0.5,0.7229653457487621,44.59306914975243,3.0,0.3
P2,4,1,26,67,0.5798629539852619,0.9481987582580971,nonlinear,365,100,0.5,0.7265716562409968,45.314331248199366,3.0,0.3
P2,4,1,27,68,0.5798629539852619,0.9481987582580971,nonlinear,365,100,0.5,0.7306529771414998,46.130595428299955,3.0,0.3
P2,4,1,28,69,0.5798629539852619,0.9481987582580971,nonlinear,365,100,0.5,0.7296775714538338,45.93551429076677,3.0,0.3
P2,4,1,29,70,0.5798629539852619,0.9481987582580971,nonlinear,365,100,0.5,0.7247609123329203,44.952182466584055,3.0,0.3
P2,4,1,30,71,0.5798629539852619,0.9481987582580971,nonlinear,365,100,0.5,0.7224965773055451,44.49931546110901,3.0,0.3
P3,3,2,1,42,0.7883361632534234,0.8863337603552759,nonlinear,365,100,0.5,0.7291758430988078,45.83516861976156,3.0,0.3
P3,3,2,2,43,0.7883361632534234,0.8863337603552759,nonlinear,365,100,0.5,0.7306706653090618,46.134133061812356,3.0,0.3
P3,3,2,3,44,0.7883361632534234,0.8863337603552759,nonlinear,365,100,0.5,0.7305482461947508,46.109649238950155,3.0,0.3
P3,3,2,4,45,0.7883361632534234,0.8863337603552759,nonlinear,365,100,0.5,0.7324826936962253,46.49653873924506,3.0,0.3
P3,3,2,5,46,0.7883361632534234,0.8863337603552759,nonlinear,365,100,0.5,0.7316314066118317,46.326281322366334,3.0,0.3
P3,3,2,6,47,0.7883361632534234,0.8863337603552759,nonlinear,365,100,0.5,0.7334026855601564,46.68053711203128,3.0,0.3
P3,3,2,7,48,0.7883361632534234,0.8863337603552759,nonlinear,365,100,0.5,0.7302176676450775,46.04353352901549,3.0,0.3
P3,3,2,8,49,0.7883361632534234,0.8863337603552759,nonlinear,365,100,0.5,0.732464095453639,46.4928190907278,3.0,0.3
P3,3,2,9,50,0.7883361632534234,0.8863337603552759,nonlinear,365,100,0.5,0.7284321111821412,45.68642223642825,3.0,0.3
P3,3,2,10,51,0.7883361632534234,0.8863337603552759,nonlinear,365,100,0.5,0.7338185151045622,46.76370302091244,3.0,0.3
P3,3,2,11,52,0.7883361632534234,0.8863337603552759,nonlinear,365,100,0.5,0.734394520618867,46.8789041237734,3.0,0.3
P3,3,2,12,53,0.7883361632534234,0.8863337603552759,nonlinear,365,100,0.5,0.7328013052680727,46.560261053614546,3.0,0.3
P3,3,2,13,54,0.7883361632534234,0.8863337603552759,nonlinear,365,100,0.5,0.7326249337089846,46.52498674179692,3.0,0.3
P3,3,2,14,55,0.7883361632534234,0.8863337603552759,nonlinear,365,100,0.5,0.7329237024147293,46.584740482945854,3.0,0.3
P3,3,2,15,56,0.7883361632534234,0.8863337603552759,nonlinear,365,100,0.5,0.7335313196171012,46.70626392342023,3.0,0.3
P3,3,2,16,57,0.7883361632534234,0.8863337603552759,nonlinear,365,100,0.5,0.7291710067178794,45.83420134357588,3.0,0.3
P3,3,2,17,58,0.7883361632534234,0.8863337603552759,nonlinear,365,100,0.5,0.7340335115966004,46.80670231932007,3.0,0.3
P3,3,2,18,59,0.7883361632534234,0.8863337603552759,nonlinear,365,100,0.5,0.7315241710521062,46.30483421042124,3.0,0.3
P3,3,2,19,60,0.7883361632534234,0.8863337603552759,nonlinear,365,100,0.5,0.7305027125110684,46.10054250221367,3.0,0.3
P3,3,2,20,61,0.7883361632534234,0.8863337603552759,nonlinear,365,100,0.5,0.7275838724525889,45.51677449051779,3.0,0.3
P3,3,2,21,62,0.7883361632534234,0.8863337603552759,nonlinear,365,100,0.5,0.7362561787025086,47.25123574050172,3.0,0.3
P3,3,2,22,63,0.7883361632534234,0.8863337603552759,nonlinear,365,100,0.5,0.728540749166466,45.70814983329321,3.0,0.3
P3,3,2,23,64,0.7883361632534234,0.8863337603552759,nonlinear,365,100,0.5,0.7281355288914277,45.62710577828555,3.0,0.3
P3,3,2,24,65,0.7883361632534234,0.8863337603552759,nonlinear,365,100,0.5,0.736286345292156,47.25726905843119,3.0,0.3
P3,3,2,25,66,0.7883361632534234,0.8863337603552759,nonlinear,365,100,0.5,0.7316640949810538,46.332818996210754,3.0,0.3
P3,3,2,26,67,0.7883361632534234,0.8863337603552759,nonlinear,365,100,0.5,0.7343942938171337,46.87885876342675,3.0,0.3
P3,3,2,27,68,0.7883361632534234,0.8863337603552759,nonlinear,365,100,0.5,0.738227429592713,47.645485918542605,3.0,0.3
P3,3,2,28,69,0.7883361632534234,0.8863337603552759,nonlinear,365,100,0.5,0.7369975061973586,47.39950123947172,3.0,0.3
P3,3,2,29,70,0.7883361632534234,0.8863337603552759,nonlinear,365,100,0.5,0.7333685899449118,46.67371798898237,3.0,0.3
P3,3,2,30,71,0.7883361632534234,0.8863337603552759,nonlinear,365,100,0.5,0.7295546143036893,45.910922860737855,3.0,0.3
P4,2,3,1,42,0.9027486863136553,0.8077262343458991,nonlinear,365,100,0.5,0.7233707580467555,44.67415160935111,3.0,0.3
P4,2,3,2,43,0.9027486863136553,0.8077262343458991,nonlinear,365,100,0.5,0.7242781682374948,44.85563364749896,3.0,0.3
P4,2,3,3,44,0.9027486863136553,0.8077262343458991,nonlinear,365,100,0.5,0.7246700102195859,44.934002043917175,3.0,0.3
P4,2,3,4,45,0.9027486863136553,0.8077262343458991,nonlinear,365,100,0.5,0.7262529453167037,45.25058906334074,3.0,0.3
P4,2,3,5,46,0.9027486863136553,0.8077262343458991,nonlinear,365,100,0.5,0.7257390537328122,45.14781074656244,3.0,0.3
P4,2,3,6,47,0.9027486863136553,0.8077262343458991,nonlinear,365,100,0.5,0.7273946406475008,45.47892812950016,3.0,0.3
P4,2,3,7,48,0.9027486863136553,0.8077262343458991,nonlinear,365,100,0.5,0.7240558865091152,44.811177301823044,3.0,0.3
P4,2,3,8,49,0.9027486863136553,0.8077262343458991,nonlinear,365,100,0.5,0.7260295686325553,45.205913726511056,3.0,0.3
P4,2,3,9,50,0.9027486863136553,0.8077262343458991,nonlinear,365,100,0.5,0.7219093597107574,44.381871942151484,3.0,0.3
P4,2,3,10,51,0.9027486863136553,0.8077262343458991,nonlinear,365,100,0.5,0.7275368140981094,45.50736281962189,3.0,0.3
P4,2,3,11,52,0.9027486863136553,0.8077262343458991,nonlinear,365,100,0.5,0.7282175199482571,45.64350398965142,3.0,0.3
P4,2,3,12,53,0.9027486863136553,0.8077262343458991,nonlinear,365,100,0.5,0.726959819369848,45.3919638739696,3.0,0.3
P4,2,3,13,54,0.9027486863136553,0.8077262343458991,nonlinear,365,100,0.5,0.7265982688418904,45.319653768378075,3.0,0.3
P4,2,3,14,55,0.9027486863136553,0.8077262343458991,nonlinear,365,100,0.5,0.7267135022926194,45.342700458523886,3.0,0.3
P4,2,3,15,56,0.9027486863136553,0.8077262343458991,nonlinear,365,100,0.5,0.7271181498047258,45.423629960945156,3.0,0.3
P4,2,3,16,57,0.9027486863136553,0.8077262343458991,nonlinear,365,100,0.5,0.7234267553594467,44.685351071889336,3.0,0.3
P4,2,3,17,58,0.9027486863136553,0.8077262343458991,nonlinear,365,100,0.5,0.7273626784792662,45.47253569585323,3.0,0.3
P4,2,3,18,59,0.9027486863136553,0.8077262343458991,nonlinear,365,100,0.5,0.7257139988984128,45.14279977968256,3.0,0.3
P4,2,3,19,60,0.9027486863136553,0.8077262343458991,nonlinear,365,100,0.5,0.7243186840409694,44.86373680819389,3.0,0.3
P4,2,3,20,61,0.9027486863136553,0.8077262343458991,nonlinear,365,100,0.5,0.7217705560312833,44.354111206256654,3.0,0.3
P4,2,3,21,62,0.9027486863136553,0.8077262343458991,nonlinear,365,100,0.5,0.7309606212767275,46.19212425534549,3.0,0.3
P4,2,3,22,63,0.9027486863136553,0.8077262343458991,nonlinear,365,100,0.5,0.7228658668682546,44.57317337365092,3.0,0.3
P4,2,3,23,64,0.9027486863136553,0.8077262343458991,nonlinear,365,100,0.5,0.7214336952228058,44.28673904456115,3.0,0.3
P4,2,3,24,65,0.9027486863136553,0.8077262343458991,nonlinear,365,100,0.5,0.7297608372594144,45.952167451882886,3.0,0.3
P4,2,3,25,66,0.9027486863136553,0.8077262343458991,nonlinear,365,100,0.5,0.7262422959090432,45.24845918180864,3.0,0.3
P4,2,3,26,67,0.9027486863136553,0.8077262343458991,nonlinear,365,100,0.5,0.7283905197604902,45.678103952098034,3.0,0.3
P4,2,3,27,68,0.9027486863136553,0.8077262343458991,nonlinear,365,100,0.5,0.7319114947744668,46.382298954893365,3.0,0.3
P4,2,3,28,69,0.9027486863136553,0.8077262343458991,nonlinear,365,100,0.5,0.7306345061106666,46.12690122213332,3.0,0.3
P4,2,3,29,70,0.9027486863136553,0.8077262343458991,nonlinear,365,100,0.5,0.7279372537561164,45.58745075122328,3.0,0.3
P4,2,3,30,71,0.9027486863136553,0.8077262343458991,nonlinear,365,100,0.5,0.7229758697610688,44.59517395221375,3.0,0.3
P5,1,4,1,42,0.9655396102839868,0.6936270901760078,nonlinear,365,100,0.5,0.7045150429395454,40.90300858790907,3.0,0.3
P5,1,4,2,43,0.9655396102839868,0.6936270901760078,nonlinear,365,100,0.5,0.7046533575662952,40.93067151325904,3.0,0.3
P5,1,4,3,44,0.9655396102839868,0.6936270901760078,nonlinear,365,100,0.5,0.7057673134698084,41.15346269396167,3.0,0.3
P5,1,4,4,45,0.9655396102839868,0.6936270901760078,nonlinear,365,100,0.5,0.7067832561342045,41.35665122684089,3.0,0.3
P5,1,4,5,46,0.9655396102839868,0.6936270901760078,nonlinear,365,100,0.5,0.706859257508606,41.3718515017212,3.0,0.3
P5,1,4,6,47,0.9655396102839868,0.6936270901760078,nonlinear,365,100,0.5,0.7082330579085026,41.64661158170051,3.0,0.3
P5,1,4,7,48,0.9655396102839868,0.6936270901760078,nonlinear,365,100,0.5,0.7047785013012897,40.95570026025794,3.0,0.3
P5,1,4,8,49,0.9655396102839868,0.6936270901760078,nonlinear,365,100,0.5,0.706516087484423,41.30321749688459,3.0,0.3
P5,1,4,9,50,0.9655396102839868,0.6936270901760078,nonlinear,365,100,0.5,0.7022821894480183,40.45643788960367,3.0,0.3
P5,1,4,10,51,0.9655396102839868,0.6936270901760078,nonlinear,365,100,0.5,0.7078255949192516,41.56511898385031,3.0,0.3
P5,1,4,11,52,0.9655396102839868,0.6936270901760078,nonlinear,365,100,0.5,0.7088640444413425,41.77280888826851,3.0,0.3
P5,1,4,12,53,0.9655396102839868,0.6936270901760078,nonlinear,365,100,0.5,0.7079944884255547,41.598897685110934,3.0,0.3
P5,1,4,13,54,0.9655396102839868,0.6936270901760078,nonlinear,365,100,0.5,0.7074380532408755,41.4876106481751,3.0,0.3
P5,1,4,14,55,0.9655396102839868,0.6936270901760078,nonlinear,365,100,0.5,0.7073027615799415,41.46055231598831,3.0,0.3
P5,1,4,15,56,0.9655396102839868,0.6936270901760078,nonlinear,365,100,0.5,0.7075930200631843,41.51860401263685,3.0,0.3
P5,1,4,16,57,0.9655396102839868,0.6936270901760078,nonlinear,365,100,0.5,0.7046146894707038,40.922937894140766,3.0,0.3
P5,1,4,17,58,0.9655396102839868,0.6936270901760078,nonlinear,365,100,0.5,0.7075407551171009,41.50815102342018,3.0,0.3
P5,1,4,18,59,0.9655396102839868,0.6936270901760078,nonlinear,365,100,0.5,0.7067976389894952,41.35952779789904,3.0,0.3
P5,1,4,19,60,0.9655396102839868,0.6936270901760078,nonlinear,365,100,0.5,0.705069487984779,41.01389759695579,3.0,0.3
P5,1,4,20,61,0.9655396102839868,0.6936270901760078,nonlinear,365,100,0.5,0.7028587024786739,40.57174049573477,3.0,0.3
P5,1,4,21,62,0.9655396102839868,0.6936270901760078,nonlinear,365,100,0.5,0.7126618376760999,42.53236753521998,3.0,0.3
P5,1,4,22,63,0.9655396102839868,0.6936270901760078,nonlinear,365,100,0.5,0.7041345770580227,40.826915411604546,3.0,0.3
P5,1,4,23,64,0.9655396102839868,0.6936270901760078,nonlinear,365,100,0.5,0.7015539698163794,40.310793963275884,3.0,0.3
P5,1,4,24,65,0.9655396102839868,0.6936270901760078,nonlinear,365,100,0.5,0.7099112206377185,41.9822441275437,3.0,0.3
P5,1,4,25,66,0.9655396102839868,0.6936270901760078,nonlinear,365,100,0.5,0.7076852543048514,41.53705086097028,3.0,0.3
P5,1,4,26,67,0.9655396102839868,0.6936270901760078,nonlinear,365,100,0.5,0.7092991403761145,41.85982807522291,3.0,0.3
P5,1,4,27,68,0.9655396102839868,0.6936270901760078,nonlinear,365,100,0.5,0.712362510717716,42.47250214354319,3.0,0.3
P5,1,4,28,69,0.9655396102839868,0.6936270901760078,nonlinear,365,100,0.5,0.7111794805312819,42.23589610625638,3.0,0.3
P5,1,4,29,70,0.9655396102839868,0.6936270901760078,nonlinear,365,100,0.5,0.7094364196369164,41.88728392738328,3.0,0.3
P5,1,4,30,71,0.9655396102839868,0.6936270901760078,nonlinear,365,100,0.5,0.7032576987836198,40.651539756723956,3.0,0.3
P6,0,5,1,42,1.0,0.2,nonlinear,365,100,0.5,0.5957045212929356,19.14090425858712,3.0,0.3
P6,0,5,2,43,1.0,0.2,nonlinear,365,100,0.5,0.5924308138221568,18.486162764431356,3.0,0.3
P6,0,5,3,44,1.0,0.2,nonlinear,365,100,0.5,0.5968537374156803,19.370747483136054,3.0,0.3
P6,0,5,4,45,1.0,0.2,nonlinear,365,100,0.5,0.5951141298285436,19.022825965708723,3.0,0.3
P6,0,5,5,46,1.0,0.2,nonlinear,365,100,0.5,0.5981457970907732,19.62915941815464,3.0,0.3
P6,0,5,6,47,1.0,0.2,nonlinear,365,100,0.5,0.5979499396386273,19.58998792772546,3.0,0.3
P6,0,5,7,48,1.0,0.2,nonlinear,365,100,0.5,0.5942296090252669,18.84592180505338,3.0,0.3
P6,0,5,8,49,1.0,0.2,nonlinear,365,100,0.5,0.5952260932654375,19.045218653087503,3.0,0.3
P6,0,5,9,50,1.0,0.2,nonlinear,365,100,0.5,0.5905075235331467,18.101504706629346,3.0,0.3
P6,0,5,10,51,1.0,0.2,nonlinear,365,100,0.5,0.5946437702764664,18.928754055293282,3.0,0.3
P6,0,5,11,52,1.0,0.2,nonlinear,365,100,0.5,0.5978192883420581,19.56385766841162,3.0,0.3
P6,0,5,12,53,1.0,0.2,nonlinear,365,100,0.5,0.598530880564615,19.706176112923004,3.0,0.3
P6,0,5,13,54,1.0,0.2,nonlinear,365,100,0.5,0.5972414749159376,19.44829498318752,3.0,0.3
P6,0,5,14,55,1.0,0.2,nonlinear,365,100,0.5,0.5959716665758584,19.194333315171686,3.0,0.3
P6,0,5,15,56,1.0,0.2,nonlinear,365,100,0.5,0.5961706526001519,19.23413052003038,3.0,0.3
P6,0,5,16,57,1.0,0.2,nonlinear,365,100,0.5,0.5958937993253143,19.178759865062855,3.0,0.3
P6,0,5,17,58,1.0,0.2,nonlinear,365,100,0.5,0.5949037444349365,18.980748886987307,3.0,0.3
P6,0,5,18,59,1.0,0.2,nonlinear,365,100,0.5,0.5975658266133947,19.51316532267895,3.0,0.3
P6,0,5,19,60,1.0,0.2,nonlinear,365,100,0.5,0.5948107950445887,18.962159008917734,3.0,0.3
P6,0,5,20,61,1.0,0.2,nonlinear,365,100,0.5,0.5936661588094244,18.733231761884884,3.0,0.3
P6,0,5,21,62,1.0,0.2,nonlinear,365,100,0.5,0.6059921686920655,21.1984337384131,3.0,0.3
P6,0,5,22,63,1.0,0.2,nonlinear,365,100,0.5,0.595752861778804,19.150572355760808,3.0,0.3
P6,0,5,23,64,1.0,0.2,nonlinear,365,100,0.5,0.5886165189018957,17.72330378037914,3.0,0.3
P6,0,5,24,65,1.0,0.2,nonlinear,365,100,0.5,0.5965704209800831,19.314084196016612,3.0,0.3
P6,0,5,25,66,1.0,0.2,nonlinear,365,100,0.5,0.5996425936736045,19.928518734720903,3.0,0.3
P6,0,5,26,67,1.0,0.2,nonlinear,365,100,0.5,0.5994922338239032,19.89844676478063,3.0,0.3
P6,0,5,27,68,1.0,0.2,nonlinear,365,100,0.5,0.6004239148496318,20.08478296992635,3.0,0.3
P6,0,5,28,69,1.0,0.2,nonlinear,365,100,0.5,0.6000482412452885,20.00964824905771,3.0,0.3
P6,0,5,29,70,1.0,0.2,nonlinear,365,100,0.5,0.6018213304389458,20.36426608778916,3.0,0.3
P6,0,5,30,71,1.0,0.2,nonlinear,365,100,0.5,0.5910560001869407,18.211200037388142,3.0,0.3
P1,5,0,1,42,0.2,1.0,nonlinear,365,100,0.5,0.6889736378220522,37.794727564410444,3.0,0.5
P1,5,0,2,43,0.2,1.0,nonlinear,365,100,0.5,0.6918996779964706,38.379935599294114,3.0,0.5
P1,5,0,3,44,0.2,1.0,nonlinear,365,100,0.5,0.690888280930465,38.17765618609299,3.0,0.5
P1,5,0,4,45,0.2,1.0,nonlinear,365,100,0.5,0.6929665591702927,38.59331183405854,3.0,0.5
P1,5,0,5,46,0.2,1.0,nonlinear,365,100,0.5,0.6922323961266099,38.44647922532198,3.0,0.5
P1,5,0,6,47,0.2,1.0,nonlinear,365,100,0.5,0.6934548646434143,38.69097292868287,3.0,0.5
P1,5,0,7,48,0.2,1.0,nonlinear,365,100,0.5,0.6911629271725501,38.23258543451003,3.0,0.5
P1,5,0,8,49,0.2,1.0,nonlinear,365,100,0.5,0.6946972263915329,38.93944527830657,3.0,0.5
P1,5,0,9,50,0.2,1.0,nonlinear,365,100,0.5,0.6909463489827055,38.18926979654109,3.0,0.5
P1,5,0,10,51,0.2,1.0,nonlinear,365,100,0.5,0.6933530506492804,38.67061012985609,3.0,0.5
P1,5,0,11,52,0.2,1.0,nonlinear,365,100,0.5,0.6949488422122617,38.989768442452345,3.0,0.5
P1,5,0,12,53,0.2,1.0,nonlinear,365,100,0.5,0.6924405455783834,38.488109115676686,3.0,0.5
P1,5,0,13,54,0.2,1.0,nonlinear,365,100,0.5,0.6929623844201651,38.59247688403302,3.0,0.5
P1,5,0,14,55,0.2,1.0,nonlinear,365,100,0.5,0.6935448230618201,38.708964612364014,3.0,0.5
P1,5,0,15,56,0.2,1.0,nonlinear,365,100,0.5,0.6954939621083184,39.098792421663674,3.0,0.5
P1,5,0,16,57,0.2,1.0,nonlinear,365,100,0.5,0.68873847746397,37.747695492793994,3.0,0.5
P1,5,0,17,58,0.2,1.0,nonlinear,365,100,0.5,0.6968066914920398,39.36133829840796,3.0,0.5
P1,5,0,18,59,0.2,1.0,nonlinear,365,100,0.5,0.6910330418505457,38.20660837010914,3.0,0.5
P1,5,0,19,60,0.2,1.0,nonlinear,365,100,0.5,0.6918074701368152,38.361494027363044,3.0,0.5
P1,5,0,20,61,0.2,1.0,nonlinear,365,100,0.5,0.6872843475508059,37.456869510161184,3.0,0.5
P1,5,0,21,62,0.2,1.0,nonlinear,365,100,0.5,0.6941539121316267,38.83078242632534,3.0,0.5
P1,5,0,22,63,0.2,1.0,nonlinear,365,100,0.5,0.6878730583423711,37.57461166847422,3.0,0.5
P1,5,0,23,64,0.2,1.0,nonlinear,365,100,0.5,0.6909930052953448,38.19860105906896,3.0,0.5
P1,5,0,24,65,0.2,1.0,nonlinear,365,100,0.5,0.6975078016414115,39.501560328282295,3.0,0.5
P1,5,0,25,66,0.2,1.0,nonlinear,365,100,0.5,0.6894618657644402,37.89237315288805,3.0,0.5
P1,5,0,26,67,0.2,1.0,nonlinear,365,100,0.5,0.6947360282762371,38.94720565524743,3.0,0.5
P1,5,0,27,68,0.2,1.0,nonlinear,365,100,0.5,0.6990262022047495,39.80524044094991,3.0,0.5
P1,5,0,28,69,0.2,1.0,nonlinear,365,100,0.5,0.6987806855075079,39.75613710150159,3.0,0.5
P1,5,0,29,70,0.2,1.0,nonlinear,365,100,0.5,0.6915003835989488,38.300076719789764,3.0,0.5
P1,5,0,30,71,0.2,1.0,nonlinear,365,100,0.5,0.692112359702659,38.42247194053181,3.0,0.5
P2,4,1,1,42,0.5798629539852619,0.9155417527999328,nonlinear,365,100,0.5,0.7134664064812284,42.69328129624568,3.0,0.5
P2,4,1,2,43,0.5798629539852619,0.9155417527999328,nonlinear,365,100,0.5,0.7153497360706917,43.06994721413835,3.0,0.5
P2,4,1,3,44,0.5798629539852619,0.9155417527999328,nonlinear,365,100,0.5,0.7149937846746371,42.99875693492743,3.0,0.5
P2,4,1,4,45,0.5798629539852619,0.9155417527999328,nonlinear,365,100,0.5,0.7169377309022894,43.38754618045788,3.0,0.5
P2,4,1,5,46,0.5798629539852619,0.9155417527999328,nonlinear,365,100,0.5,0.7161648313218577,43.23296626437154,3.0,0.5
P2,4,1,6,47,0.5798629539852619,0.9155417527999328,nonlinear,365,100,0.5,0.7177459308199033,43.54918616398067,3.0,0.5
P2,4,1,7,48,0.5798629539852619,0.9155417527999328,nonlinear,365,100,0.5,0.7148367392585124,42.967347851702485,3.0,0.5
P2,4,1,8,49,0.5798629539852619,0.9155417527999328,nonlinear,365,100,0.5,0.7174718284915121,43.49436569830243,3.0,0.5
P2,4,1,9,50,0.5798629539852619,0.9155417527999328,nonlinear,365,100,0.5,0.7135137452842945,42.70274905685889,3.0,0.5
P2,4,1,10,51,0.5798629539852619,0.9155417527999328,nonlinear,365,100,0.5,0.7179686055350831,43.59372110701663,3.0,0.5
P2,4,1,11,52,0.5798629539852619,0.9155417527999328,nonlinear,365,100,0.5,0.7188953580277128,43.779071605542555,3.0,0.5
P2,4,1,12,53,0.5798629539852619,0.9155417527999328,nonlinear,365,100,0.5,0.7170151559502005,43.403031190040096,3.0,0.5
P2,4,1,13,54,0.5798629539852619,0.9155417527999328,nonlinear,365,100,0.5,0.717051136599599,43.41022731991979,3.0,0.5
P2,4,1,14,55,0.5798629539852619,0.9155417527999328,nonlinear,365,100,0.5,0.7174347351528092,43.486947030561836,3.0,0.5
P2,4,1,15,56,0.5798629539852619,0.9155417527999328,nonlinear,365,100,0.5,0.7184617125767696,43.69234251535392,3.0,0.5
P2,4,1,16,57,0.5798629539852619,0.9155417527999328,nonlinear,365,100,0.5,0.7133741335526179,42.67482671052358,3.0,0.5
P2,4,1,17,58,0.5798629539852619,0.9155417527999328,nonlinear,365,100,0.5,0.719200001136771,43.840000227354196,3.0,0.5
P2,4,1,18,59,0.5798629539852619,0.9155417527999328,nonlinear,365,100,0.5,0.7157225754772046,43.14451509544093,3.0,0.5
P2,4,1,19,60,0.5798629539852619,0.9155417527999328,nonlinear,365,100,0.5,0.7152387080987614,43.04774161975229,3.0,0.5
P2,4,1,20,61,0.5798629539852619,0.9155417527999328,nonlinear,365,100,0.5,0.7118171519866585,42.363430397331705,3.0,0.5
P2,4,1,21,62,0.5798629539852619,0.9155417527999328,nonlinear,365,100,0.5,0.7199946881520751,43.99893763041503,3.0,0.5
P2,4,1,22,63,0.5798629539852619,0.9155417527999328,nonlinear,365,100,0.5,0.7126786735775625,42.535734715512504,3.0,0.5
P2,4,1,23,64,0.5798629539852619,0.9155417527999328,nonlinear,365,100,0.5,0.7133065269245727,42.66130538491455,3.0,0.5
P2,4,1,24,65,0.5798629539852619,0.9155417527999328,nonlinear,365,100,0.5,0.7209478340425345,44.189566808506896,3.0,0.5
P2,4,1,25,66,0.5798629539852619,0.9155417527999328,nonlinear,365,100,0.5,0.7153343820493087,43.066876409861734,3.0,0.5
P2,4,1,26,67,0.5798629539852619,0.9155417527999328,nonlinear,365,100,0.5,0.7188453929037063,43.76907858074126,3.0,0.5
P2,4,1,27,68,0.5798629539852619,0.9155417527999328,nonlinear,365,100,0.5,0.7227924873424515,44.5584974684903,3.0,0.5
P2,4,1,28,69,0.5798629539852619,0.9155417527999328,nonlinear,365,100,0.5,0.72188196334578,44.376392669156004,3.0,0.5
P2,4,1,29,70,0.5798629539852619,0.9155417527999328,nonlinear,365,100,0.5,0.7171657779667169,43.43315559334337,3.0,0.5
P2,4,1,30,71,0.5798629539852619,0.9155417527999328,nonlinear,365,100,0.5,0.7146408855441727,42.92817710883454,3.0,0.5
P3,3,2,1,42,0.7883361632534234,0.8196773353931868,nonlinear,365,100,0.5,0.7140751469858213,42.81502939716426,3.0,0.5
P3,3,2,2,43,0.7883361632534234,0.8196773353931868,nonlinear,365,100,0.5,0.7151461727609184,43.02923455218368,3.0,0.5
P3,3,2,3,44,0.7883361632534234,0.8196773353931868,nonlinear,365,100,0.5,0.715446885419851,43.089377083970206,3.0,0.5
P3,3,2,4,45,0.7883361632534234,0.8196773353931868,nonlinear,365,100,0.5,0.7170118490178093,43.40236980356187,3.0,0.5
P3,3,2,5,46,0.7883361632534234,0.8196773353931868,nonlinear,365,100,0.5,0.7165637430373607,43.31274860747214,3.0,0.5
P3,3,2,6,47,0.7883361632534234,0.8196773353931868,nonlinear,365,100,0.5,0.7181096466967002,43.621929339340035,3.0,0.5
P3,3,2,7,48,0.7883361632534234,0.8196773353931868,nonlinear,365,100,0.5,0.7149108288744519,42.982165774890376,3.0,0.5
P3,3,2,8,49,0.7883361632534234,0.8196773353931868,nonlinear,365,100,0.5,0.7170698248193498,43.41396496386996,3.0,0.5
P3,3,2,9,50,0.7883361632534234,0.8196773353931868,nonlinear,365,100,0.5,0.7129812321304713,42.596246426094254,3.0,0.5
P3,3,2,10,51,0.7883361632534234,0.8196773353931868,nonlinear,365,100,0.5,0.7181345465199238,43.62690930398476,3.0,0.5
P3,3,2,11,52,0.7883361632534234,0.8196773353931868,nonlinear,365,100,0.5,0.7190107221497342,43.802144429946836,3.0,0.5
P3,3,2,12,53,0.7883361632534234,0.8196773353931868,nonlinear,365,100,0.5,0.7176138087049417,43.522761740988344,3.0,0.5
P3,3,2,13,54,0.7883361632534234,0.8196773353931868,nonlinear,365,100,0.5,0.7173559077897799,43.47118155795597,3.0,0.5
P3,3,2,14,55,0.7883361632534234,0.8196773353931868,nonlinear,365,100,0.5,0.7175088435666334,43.50176871332667,3.0,0.5
P3,3,2,15,56,0.7883361632534234,0.8196773353931868,nonlinear,365,100,0.5,0.7181255209067364,43.62510418134728,3.0,0.5
P3,3,2,16,57,0.7883361632534234,0.8196773353931868,nonlinear,365,100,0.5,0.7140821217311861,42.81642434623723,3.0,0.5
P3,3,2,17,58,0.7883361632534234,0.8196773353931868,nonlinear,365,100,0.5,0.7184776830350035,43.6955366070007,3.0,0.5
P3,3,2,18,59,0.7883361632534234,0.8196773353931868,nonlinear,365,100,0.5,0.7163716305166621,43.27432610333241,3.0,0.5
P3,3,2,19,60,0.7883361632534234,0.8196773353931868,nonlinear,365,100,0.5,0.7152347072322451,43.046941446449026,3.0,0.5
P3,3,2,20,61,0.7883361632534234,0.8196773353931868,nonlinear,365,100,0.5,0.7124353672881109,42.487073457622174,3.0,0.5
P3,3,2,21,62,0.7883361632534234,0.8196773353931868,nonlinear,365,100,0.5,0.7214078077436333,44.281561548726664,3.0,0.5
P3,3,2,22,63,0.7883361632534234,0.8196773353931868,nonlinear,365,100,0.5,0.7134931889924556,42.69863779849112,3.0,0.5
P3,3,2,23,64,0.7883361632534234,0.8196773353931868,nonlinear,365,100,0.5,0.7125416405964746,42.50832811929492,3.0,0.5
P3,3,2,24,65,0.7883361632534234,0.8196773353931868,nonlinear,365,100,0.5,0.7206100065483048,44.12200130966095,3.0,0.5
P3,3,2,25,66,0.7883361632534234,0.8196773353931868,nonlinear,365,100,0.5,0.7166384600890298,43.32769201780595,3.0,0.5
P3,3,2,26,67,0.7883361632534234,0.8196773353931868,nonlinear,365,100,0.5,0.7191675009383451,43.83350018766903,3.0,0.5
P3,3,2,27,68,0.7883361632534234,0.8196773353931868,nonlinear,365,100,0.5,0.7227305944363354,44.54611888726707,3.0,0.5
P3,3,2,28,69,0.7883361632534234,0.8196773353931868,nonlinear,365,100,0.5,0.721620348080146,44.32406961602919,3.0,0.5
P3,3,2,29,70,0.7883361632534234,0.8196773353931868,nonlinear,365,100,0.5,0.7184083280781461,43.68166561562923,3.0,0.5
P3,3,2,30,71,0.7883361632534234,0.8196773353931868,nonlinear,365,100,0.5,0.7140460920736349,42.80921841472698,3.0,0.5
P4,2,3,1,42,0.9027486863136553,0.7059644256269408,nonlinear,365,100,0.5,0.7006008434423088,40.12016868846175,3.0,0.5
P4,2,3,2,43,0.9027486863136553,0.7059644256269408,nonlinear,365,100,0.5,0.7008559835759276,40.171196715185516,3.0,0.5
P4,2,3,3,44,0.9027486863136553,0.7059644256269408,nonlinear,365,100,0.5,0.7018919435753435,40.378388715068695,3.0,0.5
P4,2,3,4,45,0.9027486863136553,0.7059644256269408,nonlinear,365,100,0.5,0.7029218007411177,40.58436014822353,3.0,0.5
P4,2,3,5,46,0.9027486863136553,0.7059644256269408,nonlinear,365,100,0.5,0.7030082867850826,40.60165735701653,3.0,0.5
P4,2,3,6,47,0.9027486863136553,0.7059644256269408,nonlinear,365,100,0.5,0.7043353697210322,40.86707394420643,3.0,0.5
P4,2,3,7,48,0.9027486863136553,0.7059644256269408,nonlinear,365,100,0.5,0.7009615312695995,40.192306253919895,3.0,0.5
P4,2,3,8,49,0.9027486863136553,0.7059644256269408,nonlinear,365,100,0.5,0.7028011406117393,40.56022812234785,3.0,0.5
P4,2,3,9,50,0.9027486863136553,0.7059644256269408,nonlinear,365,100,0.5,0.6985895334576891,39.71790669153783,3.0,0.5
P4,2,3,10,51,0.9027486863136553,0.7059644256269408,nonlinear,365,100,0.5,0.7038922656049263,40.77845312098527,3.0,0.5
P4,2,3,11,52,0.9027486863136553,0.7059644256269408,nonlinear,365,100,0.5,0.7050165247005996,41.003304940119925,3.0,0.5
P4,2,3,12,53,0.9027486863136553,0.7059644256269408,nonlinear,365,100,0.5,0.7040581118654629,40.81162237309257,3.0,0.5
P4,2,3,13,54,0.9027486863136553,0.7059644256269408,nonlinear,365,100,0.5,0.7035651621868488,40.71303243736977,3.0,0.5
P4,2,3,14,55,0.9027486863136553,0.7059644256269408,nonlinear,365,100,0.5,0.7034602963982638,40.69205927965276,3.0,0.5
P4,2,3,15,56,0.9027486863136553,0.7059644256269408,nonlinear,365,100,0.5,0.7038662535313404,40.77325070626807,3.0,0.5
P4,2,3,16,57,0.9027486863136553,0.7059644256269408,nonlinear,365,100,0.5,0.7006729738126429,40.134594762528586,3.0,0.5
P4,2,3,17,58,0.9027486863136553,0.7059644256269408,nonlinear,365,100,0.5,0.703880896741676,40.7761793483352,3.0,0.5
P4,2,3,18,59,0.9027486863136553,0.7059644256269408,nonlinear,365,100,0.5,0.7028637059125138,40.57274118250276,3.0,0.5
P4,2,3,19,60,0.9027486863136553,0.7059644256269408,nonlinear,365,100,0.5,0.7012824049007704,40.25648098015409,3.0,0.5
P4,2,3,20,61,0.9027486863136553,0.7059644256269408,nonlinear,365,100,0.5,0.6989256636506618,39.785132730132354,3.0,0.5
P4,2,3,21,62,0.9027486863136553,0.7059644256269408,nonlinear,365,100,0.5,0.7085898621619005,41.717972432380094,3.0,0.5
P4,2,3,22,63,0.9027486863136553,0.7059644256269408,nonlinear,365,100,0.5,0.7001757222177898,40.035144443557954,3.0,0.5
P4,2,3,23,64,0.9027486863136553,0.7059644256269408,nonlinear,365,100,0.5,0.6978920252454026,39.57840504908052,3.0,0.5
P4,2,3,24,65,0.9027486863136553,0.7059644256269408,nonlinear,365,100,0.5,0.7061127548058062,41.22255096116123,3.0,0.5
P4,2,3,25,66,0.9027486863136553,0.7059644256269408,nonlinear,365,100,0.5,0.7035989535755719,40.71979071511438,3.0,0.5
P4,2,3,26,67,0.9027486863136553,0.7059644256269408,nonlinear,365,100,0.5,0.705430663752994,41.0861327505988,3.0,0.5
P4,2,3,27,68,0.9027486863136553,0.7059644256269408,nonlinear,365,100,0.5,0.708537320856267,41.70746417125339,3.0,0.5
P4,2,3,28,69,0.9027486863136553,0.7059644256269408,nonlinear,365,100,0.5,0.7074352088783563,41.487041775671265,3.0,0.5
P4,2,3,29,70,0.9027486863136553,0.7059644256269408,nonlinear,365,100,0.5,0.70538846054008,41.077692108015995,3.0,0.5
P4,2,3,30,71,0.9027486863136553,0.7059644256269408,nonlinear,365,100,0.5,0.6995685477497035,39.91370954994069,3.0,0.5
P5,1,4,1,42,0.9655396102839868,0.5577708763999663,nonlinear,365,100,0.5,0.6740300531720138,34.80601063440276,3.0,0.5
P5,1,4,2,43,0.9655396102839868,0.5577708763999663,nonlinear,365,100,0.5,0.6732746449844967,34.65492899689935,3.0,0.5
P5,1,4,3,44,0.9655396102839868,0.5577708763999663,nonlinear,365,100,0.5,0.6752649690649318,35.052993812986365,3.0,0.5
P5,1,4,4,45,0.9655396102839868,0.5577708763999663,nonlinear,365,100,0.5,0.6755369241777384,35.10738483554767,3.0,0.5
P5,1,4,5,46,0.9655396102839868,0.5577708763999663,nonlinear,365,100,0.5,0.6764174340035923,35.283486800718464,3.0,0.5
P5,1,4,6,47,0.9655396102839868,0.5577708763999663,nonlinear,365,100,0.5,0.6773559561678304,35.47119123356608,3.0,0.5
P5,1,4,7,48,0.9655396102839868,0.5577708763999663,nonlinear,365,100,0.5,0.673844617181974,34.76892343639479,3.0,0.5
P5,1,4,8,49,0.9655396102839868,0.5577708763999663,nonlinear,365,100,0.5,0.6753988424289586,35.07976848579173,3.0,0.5
P5,1,4,9,50,0.9655396102839868,0.5577708763999663,nonlinear,365,100,0.5,0.671037890654146,34.2075781308292,3.0,0.5
P5,1,4,10,51,0.9655396102839868,0.5577708763999663,nonlinear,365,100,0.5,0.6761602808478254,35.232056169565084,3.0,0.5
P5,1,4,11,52,0.9655396102839868,0.5577708763999663,nonlinear,365,100,0.5,0.6777914214893956,35.558284297879126,3.0,0.5
P5,1,4,12,53,0.9655396102839868,0.5577708763999663,nonlinear,365,100,0.5,0.6773306200108273,35.466124002165465,3.0,0.5
P5,1,4,13,54,0.9655396102839868,0.5577708763999663,nonlinear,365,100,0.5,0.6765898726933253,35.317974538665055,3.0,0.5
P5,1,4,14,55,0.9655396102839868,0.5577708763999663,nonlinear,365,100,0.5,0.6761556534240177,35.231130684803546,3.0,0.5
P5,1,4,15,56,0.9655396102839868,0.5577708763999663,nonlinear,365,100,0.5,0.6764399924646636,35.287998492932715,3.0,0.5
P5,1,4,16,57,0.9655396102839868,0.5577708763999663,nonlinear,365,100,0.5,0.6741503490439347,34.83006980878693,3.0,0.5
P5,1,4,17,58,0.9655396102839868,0.5577708763999663,nonlinear,365,100,0.5,0.6760732560384515,35.214651207690295,3.0,0.5
P5,1,4,18,59,0.9655396102839868,0.5577708763999663,nonlinear,365,100,0.5,0.6762006087171493,35.24012174342985,3.0,0.5
P5,1,4,19,60,0.9655396102839868,0.5577708763999663,nonlinear,365,100,0.5,0.674215302672154,34.843060534430805,3.0,0.5
P5,1,4,20,61,0.9655396102839868,0.5577708763999663,nonlinear,365,100,0.5,0.6722698354515987,34.453967090319736,3.0,0.5
P5,1,4,21,62,0.9655396102839868,0.5577708763999663,nonlinear,365,100,0.5,0.6827281959831027,36.54563919662055,3.0,0.5
P5,1,4,22,63,0.9655396102839868,0.5577708763999663,nonlinear,365,100,0.5,0.6737577518322956,34.751550366459114,3.0,0.5
P5,1,4,23,64,0.9655396102839868,0.5577708763999663,nonlinear,365,100,0.5,0.6700044530629373,34.00089061258746,3.0,0.5
P5,1,4,24,65,0.9655396102839868,0.5577708763999663,nonlinear,365,100,0.5,0.6782294687085806,35.645893741716115,3.0,0.5
P5,1,4,25,66,0.9655396102839868,0.5577708763999663,nonlinear,365,100,0.5,0.6773799096759863,35.475981935197254,3.0,0.5
P5,1,4,26,67,0.9655396102839868,0.5577708763999663,nonlinear,365,100,0.5,0.6785556648553394,35.71113297106787,3.0,0.5
P5,1,4,27,68,0.9655396102839868,0.5577708763999663,nonlinear,365,100,0.5,0.6810535770037769,36.210715400755376,3.0,0.5
P5,1,4,28,69,0.9655396102839868,0.5577708763999663,nonlinear,365,100,0.5,0.6801025824259381,36.02051648518763,3.0,0.5
P5,1,4,29,70,0.9655396102839868,0.5577708763999663,nonlinear,365,100,0.5,0.6792551395435736,35.85102790871473,3.0,0.5
P5,1,4,30,71,0.9655396102839868,0.5577708763999663,nonlinear,365,100,0.5,0.6718961378647236,34.379227572944714,3.0,0.5
P6,0,5,1,42,1.0,0.2,nonlinear,365,100,0.5,0.5957045212929356,19.14090425858712,3.0,0.5
P6,0,5,2,43,1.0,0.2,nonlinear,365,100,0.5,0.5924308138221568,18.486162764431356,3.0,0.5
P6,0,5,3,44,1.0,0.2,nonlinear,365,100,0.5,0.5968537374156803,19.370747483136054,3.0,0.5
P6,0,5,4,45,1.0,0.2,nonlinear,365,100,0.5,0.5951141298285436,19.022825965708723,3.0,0.5
P6,0,5,5,46,1.0,0.2,nonlinear,365,100,0.5,0.5981457970907732,19.62915941815464,3.0,0.5
P6,0,5,6,47,1.0,0.2,nonlinear,365,100,0.5,0.5979499396386273,19.58998792772546,3.0,0.5
P6,0,5,7,48,1.0,0.2,nonlinear,365,100,0.5,0.5942296090252669,18.84592180505338,3.0,0.5
P6,0,5,8,49,1.0,0.2,nonlinear,365,100,0.5,0.5952260932654375,19.045218653087503,3.0,0.5
P6,0,5,9,50,1.0,0.2,nonlinear,365,100,0.5,0.5905075235331467,18.101504706629346,3.0,0.5
P6,0,5,10,51,1.0,0.2,nonlinear,365,100,0.5,0.5946437702764664,18.928754055293282,3.0,0.5
P6,0,5,11,52,1.0,0.2,nonlinear,365,100,0.5,0.5978192883420581,19.56385766841162,3.0,0.5
P6,0,5,12,53,1.0,0.2,nonlinear,365,100,0.5,0.598530880564615,19.706176112923004,3.0,0.5
P6,0,5,13,54,1.0,0.2,nonlinear,365,100,0.5,0.5972414749159376,19.44829498318752,3.0,0.5
P6,0,5,14,55,1.0,0.2,nonlinear,365,100,0.5,0.5959716665758584,19.194333315171686,3.0,0.5
P6,0,5,15,56,1.0,0.2,nonlinear,365,100,0.5,0.5961706526001519,19.23413052003038,3.0,0.5
P6,0,5,16,57,1.0,0.2,nonlinear,365,100,0.5,0.5958937993253143,19.178759865062855,3.0,0.5
P6,0,5,17,58,1.0,0.2,nonlinear,365,100,0.5,0.5949037444349365,18.980748886987307,3.0,0.5
P6,0,5,18,59,1.0,0.2,nonlinear,365,100,0.5,0.5975658266133947,19.51316532267895,3.0,0.5
P6,0,5,19,60,1.0,0.2,nonlinear,365,100,0.5,0.5948107950445887,18.962159008917734,3.0,0.5
P6,0,5,20,61,1.0,0.2,nonlinear,365,100,0.5,0.5936661588094244,18.733231761884884,3.0,0.5
P6,0,5,21,62,1.0,0.2,nonlinear,365,100,0.5,0.6059921686920655,21.1984337384131,3.0,0.5
P6,0,5,22,63,1.0,0.2,nonlinear,365,100,0.5,0.595752861778804,19.150572355760808,3.0,0.5
P6,0,5,23,64,1.0,0.2,nonlinear,365,100,0.5,0.5886165189018957,17.72330378037914,3.0,0.5
P6,0,5,24,65,1.0,0.2,nonlinear,365,100,0.5,0.5965704209800831,19.314084196016612,3.0,0.5
P6,0,5,25,66,1.0,0.2,nonlinear,365,100,0.5,0.5996425936736045,19.928518734720903,3.0,0.5
P6,0,5,26,67,1.0,0.2,nonlinear,365,100,0.5,0.5994922338239032,19.89844676478063,3.0,0.5
P6,0,5,27,68,1.0,0.2,nonlinear,365,100,0.5,0.6004239148496318,20.08478296992635,3.0,0.5
P6,0,5,28,69,1.0,0.2,nonlinear,365,100,0.5,0.6000482412452885,20.00964824905771,3.0,0.5
P6,0,5,29,70,1.0,0.2,nonlinear,365,100,0.5,0.6018213304389458,20.36426608778916,3.0,0.5
P6,0,5,30,71,1.0,0.2,nonlinear,365,100,0.5,0.5910560001869407,18.211200037388142,3.0,0.5
P1,5,0,1,42,0.2,1.0,nonlinear,365,100,0.5,0.6889736378220522,37.794727564410444,3.0,0.7
P1,5,0,2,43,0.2,1.0,nonlinear,365,100,0.5,0.6918996779964706,38.379935599294114,3.0,0.7
P1,5,0,3,44,0.2,1.0,nonlinear,365,100,0.5,0.690888280930465,38.17765618609299,3.0,0.7
P1,5,0,4,45,0.2,1.0,nonlinear,365,100,0.5,0.6929665591702927,38.59331183405854,3.0,0.7
P1,5,0,5,46,0.2,1.0,nonlinear,365,100,0.5,0.6922323961266099,38.44647922532198,3.0,0.7
P1,5,0,6,47,0.2,1.0,nonlinear,365,100,0.5,0.6934548646434143,38.69097292868287,3.0,0.7
P1,5,0,7,48,0.2,1.0,nonlinear,365,100,0.5,0.6911629271725501,38.23258543451003,3.0,0.7
P1,5,0,8,49,0.2,1.0,nonlinear,365,100,0.5,0.6946972263915329,38.93944527830657,3.0,0.7
P1,5,0,9,50,0.2,1.0,nonlinear,365,100,0.5,0.6909463489827055,38.18926979654109,3.0,0.7
P1,5,0,10,51,0.2,1.0,nonlinear,365,100,0.5,0.6933530506492804,38.67061012985609,3.0,0.7
P1,5,0,11,52,0.2,1.0,nonlinear,365,100,0.5,0.6949488422122617,38.989768442452345,3.0,0.7
P1,5,0,12,53,0.2,1.0,nonlinear,365,100,0.5,0.6924405455783834,38.488109115676686,3.0,0.7
P1,5,0,13,54,0.2,1.0,nonlinear,365,100,0.5,0.6929623844201651,38.59247688403302,3.0,0.7
P1,5,0,14,55,0.2,1.0,nonlinear,365,100,0.5,0.6935448230618201,38.708964612364014,3.0,0.7
P1,5,0,15,56,0.2,1.0,nonlinear,365,100,0.5,0.6954939621083184,39.098792421663674,3.0,0.7
P1,5,0,16,57,0.2,1.0,nonlinear,365,100,0.5,0.68873847746397,37.747695492793994,3.0,0.7
P1,5,0,17,58,0.2,1.0,nonlinear,365,100,0.5,0.6968066914920398,39.36133829840796,3.0,0.7
P1,5,0,18,59,0.2,1.0,nonlinear,365,100,0.5,0.6910330418505457,38.20660837010914,3.0,0.7
P1,5,0,19,60,0.2,1.0,nonlinear,365,100,0.5,0.6918074701368152,38.361494027363044,3.0,0.7
P1,5,0,20,61,0.2,1.0,nonlinear,365,100,0.5,0.6872843475508059,37.456869510161184,3.0,0.7
P1,5,0,21,62,0.2,1.0,nonlinear,365,100,0.5,0.6941539121316267,38.83078242632534,3.0,0.7
P1,5,0,22,63,0.2,1.0,nonlinear,365,100,0.5,0.6878730583423711,37.57461166847422,3.0,0.7
P1,5,0,23,64,0.2,1.0,nonlinear,365,100,0.5,0.6909930052953448,38.19860105906896,3.0,0.7
P1,5,0,24,65,0.2,1.0,nonlinear,365,100,0.5,0.6975078016414115,39.501560328282295,3.0,0.7
P1,5,0,25,66,0.2,1.0,nonlinear,365,100,0.5,0.6894618657644402,37.89237315288805,3.0,0.7
P1,5,0,26,67,0.2,1.0,nonlinear,365,100,0.5,0.6947360282762371,38.94720565524743,3.0,0.7
P1,5,0,27,68,0.2,1.0,nonlinear,365,100,0.5,0.6990262022047495,39.80524044094991,3.0,0.7
P1,5,0,28,69,0.2,1.0,nonlinear,365,100,0.5,0.6987806855075079,39.75613710150159,3.0,0.7
P1,5,0,29,70,0.2,1.0,nonlinear,365,100,0.5,0.6915003835989488,38.300076719789764,3.0,0.7
P1,5,0,30,71,0.2,1.0,nonlinear,365,100,0.5,0.692112359702659,38.42247194053181,3.0,0.7
P2,4,1,1,42,0.5798629539852619,0.8843101439943604,nonlinear,365,100,0.5,0.7061106534233167,41.22213068466334,3.0,0.7
P2,4,1,2,43,0.5798629539852619,0.8843101439943604,nonlinear,365,100,0.5,0.7077912305558406,41.55824611116812,3.0,0.7
P2,4,1,3,44,0.5798629539852619,0.8843101439943604,nonlinear,365,100,0.5,0.7076416166063537,41.52832332127075,3.0,0.7
P2,4,1,4,45,0.5798629539852619,0.8843101439943604,nonlinear,365,100,0.5,0.7094004002038542,41.88008004077084,3.0,0.7
P2,4,1,5,46,0.5798629539852619,0.8843101439943604,nonlinear,365,100,0.5,0.7088310975984056,41.766219519681115,3.0,0.7
P2,4,1,6,47,0.5798629539852619,0.8843101439943604,nonlinear,365,100,0.5,0.7102940075503584,42.05880151007169,3.0,0.7
P2,4,1,7,48,0.5798629539852619,0.8843101439943604,nonlinear,365,100,0.5,0.7073869380247273,41.47738760494546,3.0,0.7
P2,4,1,8,49,0.5798629539852619,0.8843101439943604,nonlinear,365,100,0.5,0.7099799116403653,41.99598232807307,3.0,0.7
P2,4,1,9,50,0.5798629539852619,0.8843101439943604,nonlinear,365,100,0.5,0.705997772150689,41.19955443013781,3.0,0.7
P2,4,1,10,51,0.5798629539852619,0.8843101439943604,nonlinear,365,100,0.5,0.710320457543226,42.064091508645205,3.0,0.7
P2,4,1,11,52,0.5798629539852619,0.8843101439943604,nonlinear,365,100,0.5,0.7114012350832929,42.28024701665858,3.0,0.7
P2,4,1,12,53,0.5798629539852619,0.8843101439943604,nonlinear,365,100,0.5,0.7096171048197548,41.92342096395096,3.0,0.7
P2,4,1,13,54,0.5798629539852619,0.8843101439943604,nonlinear,365,100,0.5,0.7096175043862121,41.92350087724242,3.0,0.7
P2,4,1,14,55,0.5798629539852619,0.8843101439943604,nonlinear,365,100,0.5,0.7099285481611903,41.98570963223807,3.0,0.7
P2,4,1,15,56,0.5798629539852619,0.8843101439943604,nonlinear,365,100,0.5,0.7109678888596794,42.193577771935885,3.0,0.7
P2,4,1,16,57,0.5798629539852619,0.8843101439943604,nonlinear,365,100,0.5,0.7060253327737273,41.20506655474545,3.0,0.7
P2,4,1,17,58,0.5798629539852619,0.8843101439943604,nonlinear,365,100,0.5,0.7116336777360476,42.326735547209516,3.0,0.7
P2,4,1,18,59,0.5798629539852619,0.8843101439943604,nonlinear,365,100,0.5,0.7083418126640758,41.66836253281516,3.0,0.7
P2,4,1,19,60,0.5798629539852619,0.8843101439943604,nonlinear,365,100,0.5,0.7078090651533966,41.56181303067932,3.0,0.7
P2,4,1,20,61,0.5798629539852619,0.8843101439943604,nonlinear,365,100,0.5,0.7044394233153446,40.88788466306892,3.0,0.7
P2,4,1,21,62,0.5798629539852619,0.8843101439943604,nonlinear,365,100,0.5,0.7127519741777405,42.5503948355481,3.0,0.7
P2,4,1,22,63,0.5798629539852619,0.8843101439943604,nonlinear,365,100,0.5,0.7053497957024818,41.06995914049636,3.0,0.7
P2,4,1,23,64,0.5798629539852619,0.8843101439943604,nonlinear,365,100,0.5,0.7057231451215896,41.14462902431792,3.0,0.7
P2,4,1,24,65,0.5798629539852619,0.8843101439943604,nonlinear,365,100,0.5,0.7133123296675224,42.66246593350449,3.0,0.7
P2,4,1,25,66,0.5798629539852619,0.8843101439943604,nonlinear,365,100,0.5,0.7080073108315921,41.60146216631841,3.0,0.7
P2,4,1,26,67,0.5798629539852619,0.8843101439943604,nonlinear,365,100,0.5,0.7114263372351636,42.285267447032716,3.0,0.7
P2,4,1,27,68,0.5798629539852619,0.8843101439943604,nonlinear,365,100,0.5,0.7152440095277325,43.0488019055465,3.0,0.7
P2,4,1,28,69,0.5798629539852619,0.8843101439943604,nonlinear,365,100,0.5,0.7143959757999064,42.879195159981286,3.0,0.7
P2,4,1,29,70,0.5798629539852619,0.8843101439943604,nonlinear,365,100,0.5,0.7098731822464632,41.974636449292646,3.0,0.7
P2,4,1,30,71,0.5798629539852619,0.8843101439943604,nonlinear,365,100,0.5,0.707097321945299,41.41946438905979,3.0,0.7
P3,3,2,1,42,0.7883361632534234,0.7594945523315435,nonlinear,365,100,0.5,0.7003338173806796,40.06676347613591,3.0,0.7
P3,3,2,2,43,0.7883361632534234,0.7594945523315435,nonlinear,365,100,0.5,0.7010152439376666,40.20304878753331,3.0,0.7
P3,3,2,3,44,0.7883361632534234,0.7594945523315435,nonlinear,365,100,0.5,0.7017045088676973,40.340901773539464,3.0,0.7
P3,3,2,4,45,0.7883361632534234,0.7594945523315435,nonlinear,365,100,0.5,0.7029308215600701,40.58616431201403,3.0,0.7
P3,3,2,5,46,0.7883361632534234,0.7594945523315435,nonlinear,365,100,0.5,0.7028519523873326,40.57039047746651,3.0,0.7
P3,3,2,6,47,0.7883361632534234,0.7594945523315435,nonlinear,365,100,0.5,0.7041913304013216,40.83826608026433,3.0,0.7
P3,3,2,7,48,0.7883361632534234,0.7594945523315435,nonlinear,365,100,0.5,0.700980267452617,40.1960534905234,3.0,0.7
P3,3,2,8,49,0.7883361632534234,0.7594945523315435,nonlinear,365,100,0.5,0.7030588035984571,40.61176071969142,3.0,0.7
P3,3,2,9,50,0.7883361632534234,0.7594945523315435,nonlinear,365,100,0.5,0.6989186054379789,39.78372108759578,3.0,0.7
P3,3,2,10,51,0.7883361632534234,0.7594945523315435,nonlinear,365,100,0.5,0.7038576820726121,40.77153641452242,3.0,0.7
P3,3,2,11,52,0.7883361632534234,0.7594945523315435,nonlinear,365,100,0.5,0.7050090371754102,41.001807435082036,3.0,0.7
P3,3,2,12,53,0.7883361632534234,0.7594945523315435,nonlinear,365,100,0.5,0.7037928333727121,40.75856667454243,3.0,0.7
P3,3,2,13,54,0.7883361632534234,0.7594945523315435,nonlinear,365,100,0.5,0.7034599783197768,40.69199566395536,3.0,0.7
P3,3,2,14,55,0.7883361632534234,0.7594945523315435,nonlinear,365,100,0.5,0.7034787110481032,40.69574220962065,3.0,0.7
P3,3,2,15,56,0.7883361632534234,0.7594945523315435,nonlinear,365,100,0.5,0.7041041432260433,40.820828645208664,3.0,0.7
P3,3,2,16,57,0.7883361632534234,0.7594945523315435,nonlinear,365,100,0.5,0.7003516259644667,40.07032519289333,3.0,0.7
P3,3,2,17,58,0.7883361632534234,0.7594945523315435,nonlinear,365,100,0.5,0.7043182817882079,40.863656357641574,3.0,0.7
P3,3,2,18,59,0.7883361632534234,0.7594945523315435,nonlinear,365,100,0.5,0.702582124688568,40.516424937713595,3.0,0.7
P3,3,2,19,60,0.7883361632534234,0.7594945523315435,nonlinear,365,100,0.5,0.7013403139925716,40.268062798514315,3.0,0.7
P3,3,2,20,61,0.7883361632534234,0.7594945523315435,nonlinear,365,100,0.5,0.6986500189369363,39.73000378738727,3.0,0.7
P3,3,2,21,62,0.7883361632534234,0.7594945523315435,nonlinear,365,100,0.5,0.7078972839411194,41.57945678822388,3.0,0.7
P3,3,2,22,63,0.7883361632534234,0.7594945523315435,nonlinear,365,100,0.5,0.6998008165762452,39.960163315249034,3.0,0.7
P3,3,2,23,64,0.7883361632534234,0.7594945523315435,nonlinear,365,100,0.5,0.6983475771602398,39.66951543204795,3.0,0.7
P3,3,2,24,65,0.7883361632534234,0.7594945523315435,nonlinear,365,100,0.5,0.7063398190075139,41.26796380150277,3.0,0.7
P3,3,2,25,66,0.7883361632534234,0.7594945523315435,nonlinear,365,100,0.5,0.7029655853167167,40.59311706334334,3.0,0.7
P3,3,2,26,67,0.7883361632534234,0.7594945523315435,nonlinear,365,100,0.5,0.7053098189105595,41.06196378211191,3.0,0.7
P3,3,2,27,68,0.7883361632534234,0.7594945523315435,nonlinear,365,100,0.5,0.7086251573859305,41.72503147718609,3.0,0.7
P3,3,2,28,69,0.7883361632534234,0.7594945523315435,nonlinear,365,100,0.5,0.7076245210492161,41.52490420984323,3.0,0.7
P3,3,2,29,70,0.7883361632534234,0.7594945523315435,nonlinear,365,100,0.5,0.704795155302945,40.959031060589,3.0,0.7
P3,3,2,30,71,0.7883361632534234,0.7594945523315435,nonlinear,365,100,0.5,0.699931132322221,39.98622646444421,3.0,0.7
P4,2,3,1,42,0.9027486863136553,0.621242305386956,nonlinear,365,100,0.5,0.681425531711988,36.28510634239761,3.0,0.7
P4,2,3,2,43,0.9027486863136553,0.621242305386956,nonlinear,365,100,0.5,0.6811232646478788,36.224652929575754,3.0,0.7
P4,2,3,3,44,0.9027486863136553,0.621242305386956,nonlinear,365,100,0.5,0.6827088229689237,36.541764593784734,3.0,0.7
P4,2,3,4,45,0.9027486863136553,0.621242305386956,nonlinear,365,100,0.5,0.6832680384904173,36.653607698083455,3.0,0.7
P4,2,3,5,46,0.9027486863136553,0.621242305386956,nonlinear,365,100,0.5,0.6838648240572011,36.77296481144021,3.0,0.7
P4,2,3,6,47,0.9027486863136553,0.621242305386956,nonlinear,365,100,0.5,0.684912412710066,36.982482542013194,3.0,0.7
P4,2,3,7,48,0.9027486863136553,0.621242305386956,nonlinear,365,100,0.5,0.6815095788211165,36.3019157642233,3.0,0.7
P4,2,3,8,49,0.9027486863136553,0.621242305386956,nonlinear,365,100,0.5,0.6832344958948342,36.64689917896684,3.0,0.7
P4,2,3,9,50,0.9027486863136553,0.621242305386956,nonlinear,365,100,0.5,0.6789457147443203,35.78914294886406,3.0,0.7
P4,2,3,10,51,0.9027486863136553,0.621242305386956,nonlinear,365,100,0.5,0.6839707339567427,36.79414679134854,3.0,0.7
P4,2,3,11,52,0.9027486863136553,0.621242305386956,nonlinear,365,100,0.5,0.6854725989442695,37.094519788853894,3.0,0.7
P4,2,3,12,53,0.9027486863136553,0.621242305386956,nonlinear,365,100,0.5,0.6847704384048926,36.95408768097852,3.0,0.7
P4,2,3,13,54,0.9027486863136553,0.621242305386956,nonlinear,365,100,0.5,0.6841652400507274,36.83304801014549,3.0,0.7
P4,2,3,14,55,0.9027486863136553,0.621242305386956,nonlinear,365,100,0.5,0.6838719536384016,36.77439072768032,3.0,0.7
P4,2,3,15,56,0.9027486863136553,0.621242305386956,nonlinear,365,100,0.5,0.6842800299606321,36.85600599212642,3.0,0.7
P4,2,3,16,57,0.9027486863136553,0.621242305386956,nonlinear,365,100,0.5,0.6815114119241223,36.302282384824466,3.0,0.7
P4,2,3,17,58,0.9027486863136553,0.621242305386956,nonlinear,365,100,0.5,0.6840980282610979,36.81960565221958,3.0,0.7
P4,2,3,18,59,0.9027486863136553,0.621242305386956,nonlinear,365,100,0.5,0.6836186218505343,36.72372437010687,3.0,0.7
P4,2,3,19,60,0.9027486863136553,0.621242305386956,nonlinear,365,100,0.5,0.6818810586715774,36.37621173431549,3.0,0.7
P4,2,3,20,61,0.9027486863136553,0.621242305386956,nonlinear,365,100,0.5,0.6796861278900819,35.937225578016374,3.0,0.7
P4,2,3,21,62,0.9027486863136553,0.621242305386956,nonlinear,365,100,0.5,0.6897531649957295,37.950632999145895,3.0,0.7
P4,2,3,22,63,0.9027486863136553,0.621242305386956,nonlinear,365,100,0.5,0.6810687844530363,36.213756890607264,3.0,0.7
P4,2,3,23,64,0.9027486863136553,0.621242305386956,nonlinear,365,100,0.5,0.6780586821006264,35.611736420125276,3.0,0.7
P4,2,3,24,65,0.9027486863136553,0.621242305386956,nonlinear,365,100,0.5,0.6861876365336322,37.23752730672645,3.0,0.7
P4,2,3,25,66,0.9027486863136553,0.621242305386956,nonlinear,365,100,0.5,0.6845305575535487,36.90611151070975,3.0,0.7
P4,2,3,26,67,0.9027486863136553,0.621242305386956,nonlinear,365,100,0.5,0.6860921321589575,37.2184264317915,3.0,0.7
P4,2,3,27,68,0.9027486863136553,0.621242305386956,nonlinear,365,100,0.5,0.6888457121338576,37.769142426771516,3.0,0.7
P4,2,3,28,69,0.9027486863136553,0.621242305386956,nonlinear,365,100,0.5,0.6878923072752515,37.5784614550503,3.0,0.7
P4,2,3,29,70,0.9027486863136553,0.621242305386956,nonlinear,365,100,0.5,0.6864000629617736,37.280012592354716,3.0,0.7
P4,2,3,30,71,0.9027486863136553,0.621242305386956,nonlinear,365,100,0.5,0.6798512820267545,35.970256405350895,3.0,0.7
P5,1,4,1,42,0.9655396102839868,0.459305055470842,nonlinear,365,100,0.5,0.6516160996984707,30.323219939694134,3.0,0.7
P5,1,4,2,43,0.9655396102839868,0.459305055470842,nonlinear,365,100,0.5,0.6501916454591994,30.038329091839877,3.0,0.7
P5,1,4,3,44,0.9655396102839868,0.459305055470842,nonlinear,365,100,0.5,0.6528368219269173,30.567364385383456,3.0,0.7
P5,1,4,4,45,0.9655396102839868,0.459305055470842,nonlinear,365,100,0.5,0.6525546966682746,30.510939333654918,3.0,0.7
P5,1,4,5,46,0.9655396102839868,0.459305055470842,nonlinear,365,100,0.5,0.6540335034157537,30.806700683150744,3.0,0.7
P5,1,4,6,47,0.9655396102839868,0.459305055470842,nonlinear,365,100,0.5,0.654647894801665,30.929578960332993,3.0,0.7
P5,1,4,7,48,0.9655396102839868,0.459305055470842,nonlinear,365,100,0.5,0.6510955492739398,30.219109854787952,3.0,0.7
P5,1,4,8,49,0.9655396102839868,0.459305055470842,nonlinear,365,100,0.5,0.652512373520496,30.502474704099193,3.0,0.7
P5,1,4,9,50,0.9655396102839868,0.459305055470842,nonlinear,365,100,0.5,0.6480576992509132,29.611539850182634,3.0,0.7
P5,1,4,10,51,0.9655396102839868,0.459305055470842,nonlinear,365,100,0.5,0.6528643961960356,30.57287923920713,3.0,0.7
P5,1,4,11,52,0.9655396102839868,0.459305055470842,nonlinear,365,100,0.5,0.6549372144762655,30.987442895253103,3.0,0.7
P5,1,4,12,53,0.9655396102839868,0.459305055470842,nonlinear,365,100,0.5,0.6547831135961671,30.95662271923343,3.0,0.7
P5,1,4,13,54,0.9655396102839868,0.459305055470842,nonlinear,365,100,0.5,0.6539044718303685,30.780894366073696,3.0,0.7
P5,1,4,14,55,0.9655396102839868,0.459305055470842,nonlinear,365,100,0.5,0.6532459659094448,30.64919318188897,3.0,0.7
P5,1,4,15,56,0.9655396102839868,0.459305055470842,nonlinear,365,100,0.5,0.6535274231505986,30.705484630119727,3.0,0.7
P5,1,4,16,57,0.9655396102839868,0.459305055470842,nonlinear,365,100,0.5,0.6517518051903382,30.350361038067632,3.0,0.7
P5,1,4,17,58,0.9655396102839868,0.459305055470842,nonlinear,365,100,0.5,0.6529249972162514,30.584999443250283,3.0,0.7
P5,1,4,18,59,0.9655396102839868,0.459305055470842,nonlinear,365,100,0.5,0.65370117805502,30.740235611004007,3.0,0.7
P5,1,4,19,60,0.9655396102839868,0.459305055470842,nonlinear,365,100,0.5,0.6515273453067948,30.30546906135896,3.0,0.7
P5,1,4,20,61,0.9655396102839868,0.459305055470842,nonlinear,365,100,0.5,0.6497778824179125,29.95557648358249,3.0,0.7
P5,1,4,21,62,0.9655396102839868,0.459305055470842,nonlinear,365,100,0.5,0.6607232599932386,32.14465199864771,3.0,0.7
P5,1,4,22,63,0.9655396102839868,0.459305055470842,nonlinear,365,100,0.5,0.6514250582460225,30.285011649204495,3.0,0.7
P5,1,4,23,64,0.9655396102839868,0.459305055470842,nonlinear,365,100,0.5,0.6467958429695906,29.359168593918117,3.0,0.7
P5,1,4,24,65,0.9655396102839868,0.459305055470842,nonlinear,365,100,0.5,0.6549205308862518,30.98410617725036,3.0,0.7
P5,1,4,25,66,0.9655396102839868,0.459305055470842,nonlinear,365,100,0.5,0.655098521053365,31.019704210672995,3.0,0.7
P5,1,4,26,67,0.9655396102839868,0.459305055470842,nonlinear,365,100,0.5,0.6559468750470232,31.189375009404642,3.0,0.7
P5,1,4,27,68,0.9655396102839868,0.459305055470842,nonlinear,365,100,0.5,0.6580229041633859,31.604580832677186,3.0,0.7
P5,1,4,28,69,0.9655396102839868,0.459305055470842,nonlinear,365,100,0.5,0.65724460661561,31.448921323122004,3.0,0.7
P5,1,4,29,70,0.9655396102839868,0.459305055470842,nonlinear,365,100,0.5,0.657065466461881,31.413093292376203,3.0,0.7
P5,1,4,30,71,0.9655396102839868,0.459305055470842,nonlinear,365,100,0.5,0.6488300850724303,29.766017014486067,3.0,0.7
P6,0,5,1,42,1.0,0.2,nonlinear,365,100,0.5,0.5957045212929356,19.14090425858712,3.0,0.7
P6,0,5,2,43,1.0,0.2,nonlinear,365,100,0.5,0.5924308138221568,18.486162764431356,3.0,0.7
P6,0,5,3,44,1.0,0.2,nonlinear,365,100,0.5,0.5968537374156803,19.370747483136054,3.0,0.7
P6,0,5,4,45,1.0,0.2,nonlinear,365,100,0.5,0.5951141298285436,19.022825965708723,3.0,0.7
P6,0,5,5,46,1.0,0.2,nonlinear,365,100,0.5,0.5981457970907732,19.62915941815464,3.0,0.7
P6,0,5,6,47,1.0,0.2,nonlinear,365,100,0.5,0.5979499396386273,19.58998792772546,3.0,0.7
P6,0,5,7,48,1.0,0.2,nonlinear,365,100,0.5,0.5942296090252669,18.84592180505338,3.0,0.7
P6,0,5,8,49,1.0,0.2,nonlinear,365,100,0.5,0.5952260932654375,19.045218653087503,3.0,0.7
P6,0,5,9,50,1.0,0.2,nonlinear,365,100,0.5,0.5905075235331467,18.101504706629346,3.0,0.7
P6,0,5,10,51,1.0,0.2,nonlinear,365,100,0.5,0.5946437702764664,18.928754055293282,3.0,0.7
P6,0,5,11,52,1.0,0.2,nonlinear,365,100,0.5,0.5978192883420581,19.56385766841162,3.0,0.7
P6,0,5,12,53,1.0,0.2,nonlinear,365,100,0.5,0.598530880564615,19.706176112923004,3.0,0.7
P6,0,5,13,54,1.0,0.2,nonlinear,365,100,0.5,0.5972414749159376,19.44829498318752,3.0,0.7
P6,0,5,14,55,1.0,0.2,nonlinear,365,100,0.5,0.5959716665758584,19.194333315171686,3.0,0.7
P6,0,5,15,56,1.0,0.2,nonlinear,365,100,0.5,0.5961706526001519,19.23413052003038,3.0,0.7
P6,0,5,16,57,1.0,0.2,nonlinear,365,100,0.5,0.5958937993253143,19.178759865062855,3.0,0.7
P6,0,5,17,58,1.0,0.2,nonlinear,365,100,0.5,0.5949037444349365,18.980748886987307,3.0,0.7
P6,0,5,18,59,1.0,0.2,nonlinear,365,100,0.5,0.5975658266133947,19.51316532267895,3.0,0.7
P6,0,5,19,60,1.0,0.2,nonlinear,365,100,0.5,0.5948107950445887,18.962159008917734,3.0,0.7
P6,0,5,20,61,1.0,0.2,nonlinear,365,100,0.5,0.5936661588094244,18.733231761884884,3.0,0.7
P6,0,5,21,62,1.0,0.2,nonlinear,365,100,0.5,0.6059921686920655,21.1984337384131,3.0,0.7
P6,0,5,22,63,1.0,0.2,nonlinear,365,100,0.5,0.595752861778804,19.150572355760808,3.0,0.7
P6,0,5,23,64,1.0,0.2,nonlinear,365,100,0.5,0.5886165189018957,17.72330378037914,3.0,0.7
P6,0,5,24,65,1.0,0.2,nonlinear,365,100,0.5,0.5965704209800831,19.314084196016612,3.0,0.7
P6,0,5,25,66,1.0,0.2,nonlinear,365,100,0.5,0.5996425936736045,19.928518734720903,3.0,0.7
P6,0,5,26,67,1.0,0.2,nonlinear,365,100,0.5,0.5994922338239032,19.89844676478063,3.0,0.7
P6,0,5,27,68,1.0,0.2,nonlinear,365,100,0.5,0.6004239148496318,20.08478296992635,3.0,0.7
P6,0,5,28,69,1.0,0.2,nonlinear,365,100,0.5,0.6000482412452885,20.00964824905771,3.0,0.7
P6,0,5,29,70,1.0,0.2,nonlinear,365,100,0.5,0.6018213304389458,20.36426608778916,3.0,0.7
P6,0,5,30,71,1.0,0.2,nonlinear,365,100,0.5,0.5910560001869407,18.211200037388142,3.0,0.7
